sample_id,patient_id,cluster_k2,cluster_k4,umap_1,umap_2,pc1,pc2
TCGA-04-1348-01,TCGA-04-1348,1,2,-3.988613,7.1319976,7.487360203812073,-15.79255948839751
TCGA-04-1357-01,TCGA-04-1357,1,2,-3.7664838,7.0168505,13.26401304871847,-12.445676137162888
TCGA-04-1362-01,TCGA-04-1362,0,3,-1.3692182,5.922454,-6.779071783146989,-7.873691350031625
TCGA-04-1364-01,TCGA-04-1364,0,1,-0.13039584,5.4557986,-29.89552637310883,-3.949073047411635
TCGA-04-1365-01,TCGA-04-1365,1,2,-3.539994,6.580864,1.206324294289108,-12.081927730616739
TCGA-04-1514-01,TCGA-04-1514,0,1,-0.4656103,4.502241,-36.757544442313055,18.28376047645194
TCGA-04-1519-01,TCGA-04-1519,0,3,-1.630982,7.033625,-22.304490423435443,-8.076543891484947
TCGA-09-0364-01,TCGA-09-0364,0,1,-0.48420298,4.361447,-34.24941312843993,11.62505903138138
TCGA-09-0366-01,TCGA-09-0366,0,3,-2.9272404,6.7653685,-4.888824459466397,-17.38476646504541
TCGA-09-0367-01,TCGA-09-0367,1,2,-4.218975,5.575403,8.344428788060611,-16.834211866675627
TCGA-09-0369-01,TCGA-09-0369,0,1,-1.149703,3.8068247,-16.15218383884404,18.263802455889312
TCGA-09-1659-01,TCGA-09-1659,1,2,-2.3182466,5.2012744,5.574848260964568,-1.7203231093802065
TCGA-09-1662-01,TCGA-09-1662,1,2,-2.7475085,5.2741866,11.446804352321143,-0.6088462390610662
TCGA-09-1666-01,TCGA-09-1666,1,2,-2.8859386,7.7296786,1.6825090937344418,-13.212784786012145
TCGA-09-1667-01,TCGA-09-1667,1,2,-4.558423,6.486708,11.403205156045557,-6.267328902949834
TCGA-09-1668-01,TCGA-09-1668,1,2,-5.162077,6.0708356,10.661204769614148,-1.22417229490347
TCGA-09-1669-01,TCGA-09-1669,0,3,-1.5516328,4.640511,-9.148710703072965,2.8100377229185014
TCGA-09-1670-01,TCGA-09-1670,0,3,-1.7117779,6.9912534,-7.3321637952117875,-14.898390182421865
TCGA-09-1673-01,TCGA-09-1673,0,1,0.004850542,5.2389383,-17.416862782890966,-3.2508867408478146
TCGA-09-1674-01,TCGA-09-1674,0,1,-0.5402757,4.3738317,-33.45323584325704,23.222566831402116
TCGA-09-2044-01,TCGA-09-2044,1,2,-3.9320738,6.810947,1.178611240299606,-5.299145773218955
TCGA-09-2045-01,TCGA-09-2045,1,2,-4.7109447,6.3292427,3.1290379292298383,-13.003894648520982
TCGA-09-2051-01,TCGA-09-2051,1,2,-2.991432,6.083812,5.847955412010162,-10.368085973941323
TCGA-09-2054-01,TCGA-09-2054,0,1,-1.3910478,3.907512,-18.831892326865113,18.50898321380671
TCGA-10-0928-01,TCGA-10-0928,0,3,-0.72743404,5.550333,-19.16653593642592,1.0646644317223415
TCGA-10-0936-01,TCGA-10-0936,0,3,-0.38747504,6.609776,-14.151844609332125,-25.83190391249567
TCGA-13-0730-01,TCGA-13-0730,0,1,-1.4848247,3.6431267,-17.103965708923358,30.537893857696915
TCGA-13-0799-01,TCGA-13-0799,0,3,-3.1144392,7.931769,-13.530762768177048,-13.847973449591295
TCGA-13-0800-01,TCGA-13-0800,0,1,-0.092247665,5.381643,-38.81024907456359,2.9992007477552804
TCGA-13-0801-01,TCGA-13-0801,1,2,-4.1689615,6.688922,15.091694773826548,-27.712511667876967
TCGA-13-0890-01,TCGA-13-0890,1,0,-3.2861345,3.3647563,0.8449920484568771,15.268768327463004
TCGA-13-0893-01,TCGA-13-0893,1,2,-3.977764,5.759645,11.690754460505724,-8.06369105262322
TCGA-13-0897-01,TCGA-13-0897,1,2,-5.2201715,5.1132226,15.657363176468785,-3.400345198721339
TCGA-13-0899-01,TCGA-13-0899,0,3,-1.0848491,5.871448,-4.683838302066803,-2.36323646330067
TCGA-13-0913-01,TCGA-13-0913,0,3,-0.41607437,5.7046323,-26.451720630267126,-7.209541340363397
TCGA-13-0916-01,TCGA-13-0916,0,3,-3.144781,7.8821845,-13.254883860949162,-10.211481541410068
TCGA-13-0920-01,TCGA-13-0920,0,1,-0.5644258,6.0744877,-19.667995903786505,0.0660173068593723
TCGA-13-0924-01,TCGA-13-0924,1,0,-5.41946,5.437062,12.710941059580566,-1.1069490505201431
TCGA-13-1403-01,TCGA-13-1403,1,2,-4.834548,5.4190536,7.232606771350456,-5.888045394077574
TCGA-13-1405-01,TCGA-13-1405,1,0,-5.259348,4.5013947,20.189534944244826,8.147352347406589
TCGA-13-1410-01,TCGA-13-1410,1,0,-4.5990148,5.2868614,11.693288144982713,2.992829929275046
TCGA-13-1411-01,TCGA-13-1411,1,0,-4.0719485,4.3201733,21.6087657982863,12.530064582911633
TCGA-13-1481-01,TCGA-13-1481,1,0,-3.0535522,3.3727276,-0.26061548622900654,23.550847369623632
TCGA-13-1497-01,TCGA-13-1497,1,2,-3.7204764,6.122345,3.664506323025684,-3.741265419498412
TCGA-13-1498-01,TCGA-13-1498,1,2,-4.848579,5.8930974,7.547934794411387,-5.568260877018506
TCGA-13-1505-01,TCGA-13-1505,1,0,-3.9286392,3.329461,-4.255029162686006,17.583425583460794
TCGA-13-1506-01,TCGA-13-1506,0,3,-1.5775698,5.4105253,-9.279161272558603,-7.434490715118058
TCGA-13-1507-01,TCGA-13-1507,1,2,-4.6514497,5.242046,19.181648248050426,0.6723183553022264
TCGA-13-1511-01,TCGA-13-1511,1,2,-5.677556,5.915165,12.345408796675514,-5.2189451517465155
TCGA-13-1512-01,TCGA-13-1512,1,2,-3.7065947,4.633009,11.327332153499263,1.5876097604780772
TCGA-13-2060-01,TCGA-13-2060,1,2,-4.373134,5.952082,10.03315464844023,-10.041368351438654
TCGA-13-A5FT-01,TCGA-13-A5FT,0,3,-1.1115062,5.5278463,-18.130909282743975,-1.8253572281914805
TCGA-20-1682-01,TCGA-20-1682,1,0,-5.220515,6.902457,14.64809063665555,6.2335711179844076
TCGA-20-1683-01,TCGA-20-1683,1,2,-3.694591,5.8698783,-0.03296746246983631,0.8932059841245678
TCGA-20-1684-01,TCGA-20-1684,0,3,-0.15877841,6.058121,-19.52089173874492,-14.732832992466669
TCGA-20-1685-01,TCGA-20-1685,0,3,-0.40378094,6.491653,-9.817420546116933,-17.92279238142733
TCGA-20-1687-01,TCGA-20-1687,1,2,-5.2105355,5.562021,16.17363463546732,-5.66438291093772
TCGA-23-1023-01,TCGA-23-1023,1,3,-2.5071948,5.6978855,2.830058024229767,0.7587984412650908
TCGA-23-1026-01,TCGA-23-1026,1,2,-5.740267,5.442032,17.400779331010717,-4.776931617638628
TCGA-23-1027-01,TCGA-23-1027,1,2,-5.4204235,5.546351,16.677233008063684,-5.848453115152682
TCGA-23-1029-01,TCGA-23-1029,0,3,-1.9721588,6.3538656,-11.592847925155652,-6.898918086717684
TCGA-23-1109-01,TCGA-23-1109,1,2,-3.6373248,5.9288716,6.597334184672361,3.5137361059072973
TCGA-23-1111-01,TCGA-23-1111,0,3,-2.2093008,5.1248374,-3.6660243763532643,0.6944842815549117
TCGA-23-1114-01,TCGA-23-1114,0,1,-0.64573056,4.9738073,-22.83924375919003,14.62620486971772
TCGA-23-1120-01,TCGA-23-1120,1,2,-3.8492358,7.054285,8.394661031273525,-5.339969644180475
TCGA-23-1122-01,TCGA-23-1122,0,3,-1.2438124,5.307995,-5.542802868010289,7.814583435616995
TCGA-23-1123-01,TCGA-23-1123,0,2,-2.6080225,7.120204,-6.734913736442708,-14.090650431636593
TCGA-23-1809-01,TCGA-23-1809,0,1,-1.0740464,4.3875475,-14.41964966535738,14.061824787456196
TCGA-23-2077-01,TCGA-23-2077,0,3,-2.0298827,5.976019,-6.268049718691988,0.09784508071015051
TCGA-23-2078-01,TCGA-23-2078,1,0,-3.26062,3.7221632,8.033114172371041,19.34532959844079
TCGA-23-2081-01,TCGA-23-2081,1,2,-5.085043,5.2827196,6.209158425282248,-5.1277813602976785
TCGA-23-2084-01,TCGA-23-2084,1,2,-3.0682735,6.394337,10.623024235324579,-12.900390670832069
TCGA-24-0975-01,TCGA-24-0975,1,0,-4.461575,3.2405033,15.112696893702829,21.207586514071654
TCGA-24-1103-01,TCGA-24-1103,0,3,-0.51202786,6.9559565,-8.61795280207693,-19.695087127002175
TCGA-24-1413-01,TCGA-24-1413,0,3,-0.28171092,6.750324,-14.32862452290611,-19.73445402120111
TCGA-24-1416-01,TCGA-24-1416,0,3,-0.30994946,6.599442,-16.268431280655097,-19.231300589319293
TCGA-24-1417-01,TCGA-24-1417,1,2,-5.4974256,5.8625526,15.651709587373679,-1.0030215341965933
TCGA-24-1418-01,TCGA-24-1418,1,0,-3.8556683,3.8604164,4.548994647224087,16.41961277383255
TCGA-24-1419-01,TCGA-24-1419,0,3,-1.6283067,6.6681457,-17.210829805795118,-15.172493698552312
TCGA-24-1423-01,TCGA-24-1423,0,3,-1.716735,5.7506776,-3.7320914682368724,2.9893799068051616
TCGA-24-1424-01,TCGA-24-1424,0,1,-1.720521,4.130506,-8.790155550290615,12.719224475642871
TCGA-24-1425-01,TCGA-24-1425,1,0,-4.583479,3.3154573,16.762872940678058,16.07896686995231
TCGA-24-1427-01,TCGA-24-1427,1,0,-4.2149596,3.3034406,12.679775489881603,19.299819347286075
TCGA-24-1428-01,TCGA-24-1428,1,2,-4.076593,7.2493625,11.441273406675446,-14.295833128197824
TCGA-24-1430-01,TCGA-24-1430,0,1,-1.0685898,5.2390885,-10.554231616834361,6.228492597641943
TCGA-24-1434-01,TCGA-24-1434,1,0,-4.274474,3.8915057,16.57953978126594,20.337756754968115
TCGA-24-1435-01,TCGA-24-1435,1,0,-5.750922,5.998915,16.21478502876976,2.0178950647507023
TCGA-24-1436-01,TCGA-24-1436,1,2,-4.3717704,5.4990497,13.124016898303354,-4.009748581576725
TCGA-24-1463-01,TCGA-24-1463,1,0,-3.1447325,3.960579,7.9051614617896035,15.929676776737539
TCGA-24-1467-01,TCGA-24-1467,0,3,-0.22777016,6.625768,-15.604225870398961,-24.188891387582668
TCGA-24-1469-01,TCGA-24-1469,0,1,-1.3324935,5.2432566,-13.251044366082164,-0.10757626771733199
TCGA-24-1474-01,TCGA-24-1474,0,2,-3.2583866,7.9370985,-6.590586658579475,-4.370983922909611
TCGA-24-1544-01,TCGA-24-1544,0,1,-0.16879758,5.0053773,-31.983114825610514,5.87646718497233
TCGA-24-1545-01,TCGA-24-1545,1,0,-3.7740693,3.4922137,12.256735171481717,13.96247431608112
TCGA-24-1546-01,TCGA-24-1546,1,0,-4.654063,4.091612,15.980366763192752,14.30567801249768
TCGA-24-1548-01,TCGA-24-1548,0,3,-2.0558944,7.2533813,-11.129240408851688,-11.628538812400883
TCGA-24-1549-01,TCGA-24-1549,0,2,-3.5369992,7.3700113,-4.170390573660675,-13.032739501773058
TCGA-24-1550-01,TCGA-24-1550,1,1,-1.7970228,3.4880567,-3.6424663000753776,28.611478018109015
TCGA-24-1551-01,TCGA-24-1551,1,2,-3.906641,7.6580415,10.385054074895782,-9.591319725514866
TCGA-24-1552-01,TCGA-24-1552,1,2,-3.845307,5.717368,5.648263885118667,-13.972953649546588
TCGA-24-1553-01,TCGA-24-1553,1,2,-2.2845712,6.157675,5.167421003352504,-0.9002282080771327
TCGA-24-1555-01,TCGA-24-1555,0,3,-1.9636338,7.1546497,-6.4813213185993765,-19.790583179942022
TCGA-24-1556-01,TCGA-24-1556,1,2,-3.2720253,7.827018,-0.18970876435054584,-9.071717009762663
TCGA-24-1557-01,TCGA-24-1557,0,3,-1.3080456,5.705217,-7.551729328718858,-5.401517805622837
TCGA-24-1558-01,TCGA-24-1558,0,3,-2.2737398,7.1727934,-7.3189113726705886,-11.47627817199731
TCGA-24-1560-01,TCGA-24-1560,0,3,-1.1305064,6.9602566,-19.10785497121941,-11.136402554090656
TCGA-24-1562-01,TCGA-24-1562,1,0,-5.1718836,5.5627847,9.453436821951865,1.2149033585271098
TCGA-24-1563-01,TCGA-24-1563,1,0,-5.3750725,4.8626637,17.203878580783435,10.076230966382727
TCGA-24-1564-01,TCGA-24-1564,1,0,-3.7104564,3.923089,10.858868889880972,12.108806818850596
TCGA-24-1567-01,TCGA-24-1567,0,1,-0.7823823,4.2061977,-29.430816070109703,10.653654765226907
TCGA-24-1603-01,TCGA-24-1603,0,3,-1.875778,7.2742453,-4.862513716844149,-5.166274580763952
TCGA-24-1604-01,TCGA-24-1604,1,3,-2.0334775,6.804745,0.21384904131966884,-5.073614873189545
TCGA-24-1616-01,TCGA-24-1616,0,3,-1.8299369,7.0036473,-7.443174395635958,-12.81986508384604
TCGA-24-1842-01,TCGA-24-1842,1,2,-5.0354457,6.693643,18.508299784201316,-9.982434969390937
TCGA-24-1843-01,TCGA-24-1843,1,2,-3.3485804,7.2428246,-1.6081163597331558,-9.347334220867578
TCGA-24-1844-01,TCGA-24-1844,0,3,-0.6180631,6.0879803,-24.091228723016915,-4.879532986203718
TCGA-24-1846-01,TCGA-24-1846,1,2,-5.5471907,6.3861647,15.45806528556401,-5.354322107406662
TCGA-24-1847-01,TCGA-24-1847,1,2,-2.7294657,5.806692,10.354333059600094,-9.084575827241512
TCGA-24-1849-01,TCGA-24-1849,1,0,-4.5060134,3.0898144,16.917005800677554,21.36209169782526
TCGA-24-1850-01,TCGA-24-1850,1,0,-2.6618454,3.6006663,-1.7523040569560495,17.94396544733147
TCGA-24-1924-01,TCGA-24-1924,1,2,-3.8738546,6.730196,8.166459320376653,-11.508778685343277
TCGA-24-1928-01,TCGA-24-1928,1,0,-4.738386,4.272652,12.440145947277657,10.195700769302567
TCGA-24-1930-01,TCGA-24-1930,1,2,-5.2531075,5.6373453,19.069980875897347,-3.4558973912281163
TCGA-24-2019-01,TCGA-24-2019,0,3,-1.1451342,5.747086,-11.858229565463343,-2.116929465678151
TCGA-24-2020-01,TCGA-24-2020,0,1,-0.6584317,4.2326527,-13.889886656562435,6.845484234280172
TCGA-24-2023-01,TCGA-24-2023,1,2,-3.0801013,6.453944,7.980164329437104,-20.738416849747004
TCGA-24-2024-01,TCGA-24-2024,1,0,-4.761442,5.659069,0.7176424446829482,3.57005825115044
TCGA-24-2026-01,TCGA-24-2026,1,2,-4.3272495,6.172352,13.851837221099618,-17.527643561911745
TCGA-24-2027-01,TCGA-24-2027,0,1,-0.66418976,4.5906253,-27.91713789981414,9.684744660852415
TCGA-24-2033-01,TCGA-24-2033,1,0,-4.399273,4.7139597,-0.20059916177047665,3.5452047503698894
TCGA-24-2035-01,TCGA-24-2035,1,0,-4.4013247,3.0514622,14.168669685231192,17.28918639752089
TCGA-24-2038-01,TCGA-24-2038,0,3,-2.7901316,5.0165105,-8.745014716971928,-8.474819733261647
TCGA-24-2254-01,TCGA-24-2254,0,3,-2.430667,5.015532,-6.126693962287575,6.578967869156789
TCGA-24-2261-01,TCGA-24-2261,1,2,-4.9698296,6.620826,17.636135548111042,-3.6881363552727096
TCGA-24-2262-01,TCGA-24-2262,1,2,-5.182633,5.009383,16.831962489749472,-1.2415631482978746
TCGA-24-2267-01,TCGA-24-2267,1,2,-4.107183,7.4813275,11.440972810645711,-13.840165955104963
TCGA-24-2271-01,TCGA-24-2271,1,0,-5.4050746,5.5224223,14.141324119068434,1.012851007983962
TCGA-24-2281-01,TCGA-24-2281,1,2,-3.5550487,7.0509634,6.096637247491083,-9.605632193898142
TCGA-24-2288-01,TCGA-24-2288,1,0,-4.310749,4.881536,12.691740266120739,5.594559776771959
TCGA-24-2289-01,TCGA-24-2289,1,0,-3.9435349,4.1812277,9.412990631856292,11.39283602187707
TCGA-24-2290-01,TCGA-24-2290,1,2,-4.976821,6.5268507,16.536955231982287,-16.539406418667923
TCGA-24-2293-01,TCGA-24-2293,1,0,-3.7240393,3.1704326,14.374664507353026,15.814916090784973
TCGA-24-2297-01,TCGA-24-2297,0,3,-0.71853834,6.299608,-14.821697670433432,-5.737474010889131
TCGA-24-2298-01,TCGA-24-2298,1,0,-5.07667,4.60578,17.378034845629653,4.208685830766528
TCGA-25-1312-01,TCGA-25-1312,0,3,-1.312103,6.251724,-14.648435298119717,-1.8074594796598753
TCGA-25-1313-01,TCGA-25-1313,1,3,-2.493231,5.946851,3.634792592370553,-3.5229785389636388
TCGA-25-1314-01,TCGA-25-1314,1,0,-4.381134,5.0087295,9.022159742039035,3.516128659765005
TCGA-25-1315-01,TCGA-25-1315,0,1,-0.11194994,5.5781484,-31.074391697858683,-1.1117214329219978
TCGA-25-1316-01,TCGA-25-1316,0,1,-1.4734066,3.7086391,-11.913283697871936,14.412974513923507
TCGA-25-1317-01,TCGA-25-1317,0,1,-1.0749177,4.5773907,-12.084768155447234,18.422320875406385
TCGA-25-1318-01,TCGA-25-1318,1,0,-4.4198594,4.801942,7.964821948027397,3.021498018141083
TCGA-25-1319-01,TCGA-25-1319,0,3,-1.0485715,6.8508477,-12.971843853330597,-13.850254754593632
TCGA-25-1320-01,TCGA-25-1320,1,0,-3.154342,3.6826236,3.647773286062365,17.032138430464986
TCGA-25-1321-01,TCGA-25-1321,0,3,-0.48186436,6.22069,-16.39798899224108,-10.68011270266146
TCGA-25-1322-01,TCGA-25-1322,1,0,-2.5467887,5.378851,4.8382613804822965,2.1096958114048716
TCGA-25-1323-01,TCGA-25-1323,0,1,-0.81745976,4.4312935,-19.667549241325442,17.844023179867435
TCGA-25-1324-01,TCGA-25-1324,0,1,0.056655202,5.0124426,-22.945768166618702,5.9721808933128
TCGA-25-1326-01,TCGA-25-1326,1,0,-3.7818804,4.1448593,14.871770217615362,7.692802246178336
TCGA-25-1328-01,TCGA-25-1328,1,0,-2.7061095,4.817124,6.5662546343435215,10.590614741598069
TCGA-25-1329-01,TCGA-25-1329,1,0,-4.697238,4.050249,7.9377993405222,11.432508074151377
TCGA-25-1623-01,TCGA-25-1623,1,0,-3.447477,3.2196178,13.744826057128492,23.779096179227434
TCGA-25-1625-01,TCGA-25-1625,1,0,-2.836386,5.511918,12.235050969363964,2.096875251336939
TCGA-25-1626-01,TCGA-25-1626,1,0,-3.4839246,3.139087,8.200464318335007,30.84505932127953
TCGA-25-1627-01,TCGA-25-1627,0,3,-2.0932515,4.987263,-4.44849985905695,2.5209259192785027
TCGA-25-1628-01,TCGA-25-1628,1,0,-3.2648985,3.4754202,2.122155912934585,23.217268862406694
TCGA-25-1630-01,TCGA-25-1630,1,3,-2.718924,5.1228166,0.08641597069712503,-4.084147884508055
TCGA-25-1631-01,TCGA-25-1631,0,3,-2.0687299,5.3321514,-8.862369425232341,-0.12665491388826866
TCGA-25-1632-01,TCGA-25-1632,0,3,-0.57363683,5.7244062,-18.505483448573706,-0.08946735927316703
TCGA-25-1633-01,TCGA-25-1633,1,0,-3.9947739,3.1939247,1.6882060463703714,20.642494429564895
TCGA-25-1634-01,TCGA-25-1634,0,1,0.15652435,4.71499,-21.865623604910297,2.0144159466146467
TCGA-25-1635-01,TCGA-25-1635,1,0,-4.6230984,3.8696568,9.392598221016385,10.80791773525598
TCGA-25-1870-01,TCGA-25-1870,0,3,-0.61280465,5.6463714,-17.193555826914757,-4.278138803609588
TCGA-25-1871-01,TCGA-25-1871,0,1,-0.16691652,4.8100247,-34.122438930499094,9.586481379878597
TCGA-25-2042-01,TCGA-25-2042,1,0,-4.4533544,3.1670508,17.5485782233913,23.811100373363857
TCGA-25-2391-01,TCGA-25-2391,0,3,-2.8610528,7.2204795,-2.3379878243208756,-8.447642850744934
TCGA-25-2392-01,TCGA-25-2392,1,3,-2.1376936,5.806567,-1.4327570650946653,-3.372141704184125
TCGA-25-2393-01,TCGA-25-2393,0,1,-1.481483,3.9203825,-11.735666998782309,11.108798454212208
TCGA-25-2396-01,TCGA-25-2396,1,2,-3.7870758,6.548471,1.576658819535893,-8.47646441658077
TCGA-25-2397-01,TCGA-25-2397,1,2,-4.176786,5.3502736,4.680636992990187,-12.283539451044566
TCGA-25-2398-01,TCGA-25-2398,1,0,-2.9139736,3.3521292,-1.4160568428333844,29.278609770434734
TCGA-25-2399-01,TCGA-25-2399,1,0,-4.636638,5.796372,3.86463377802339,1.4626693481754138
TCGA-25-2400-01,TCGA-25-2400,0,3,-1.4508519,6.336289,-17.235760542398385,-5.268145623295777
TCGA-25-2401-01,TCGA-25-2401,1,0,-5.579037,4.823875,17.039697449859492,6.219879199676754
TCGA-25-2404-01,TCGA-25-2404,1,0,-3.156663,5.4330187,11.032028162339074,2.738557215614616
TCGA-25-2409-01,TCGA-25-2409,1,0,-5.3440657,5.634286,13.137995878210301,-2.7467359478662328
TCGA-29-1688-01,TCGA-29-1688,1,2,-5.3832707,6.2241335,14.98505401871175,-14.606469760567622
TCGA-29-1690-01,TCGA-29-1690,1,0,-2.9633198,5.048549,9.136751348070579,-1.9968010369127354
TCGA-29-1691-01,TCGA-29-1691,0,1,-3.269076,7.8522134,-8.64667970127551,2.694455512375573
TCGA-29-1693-01,TCGA-29-1693,1,0,-4.80024,4.922969,19.044270698853733,2.3924292812165606
TCGA-29-1694-01,TCGA-29-1694,1,0,-3.168707,5.3856335,13.357198032716818,2.613923883109484
TCGA-29-1695-01,TCGA-29-1695,1,2,-4.691022,4.812888,18.099759540460038,4.187640797957619
TCGA-29-1696-01,TCGA-29-1696,0,3,-0.3432878,6.7664256,-9.94514293049812,-23.2628944898947
TCGA-29-1697-01,TCGA-29-1697,0,1,-1.2672468,7.1386485,-20.313250248790652,0.9619541335143823
TCGA-29-1698-01,TCGA-29-1698,1,0,-3.9910183,4.1013417,4.196970724647871,8.730541425615776
TCGA-29-1699-01,TCGA-29-1699,1,2,-4.4321237,5.7538204,9.480576692604123,-4.896499595400781
TCGA-29-1701-01,TCGA-29-1701,1,0,-3.9166684,4.5665846,9.681464455767097,6.282467536798021
TCGA-29-1702-01,TCGA-29-1702,0,1,-0.2016448,5.140169,-22.776666115391393,5.212956983177397
TCGA-29-1703-01,TCGA-29-1703,0,3,-1.6135542,6.1773915,-6.550479118165939,-5.917766794939908
TCGA-29-1705-01,TCGA-29-1705,1,0,-5.2905197,4.482299,13.42607196102176,5.392526592810863
TCGA-29-1710-01,TCGA-29-1710,1,0,-4.8014755,5.156134,22.766246210104974,4.0629904626097515
TCGA-29-1711-01,TCGA-29-1711,1,2,-5.2668614,6.1898627,18.123858966911072,-11.477075013742486
TCGA-29-1761-01,TCGA-29-1761,1,2,-4.0156827,6.2711735,-1.6994162889877784,-2.0746555941380747
TCGA-29-1762-01,TCGA-29-1762,0,1,-0.44262257,4.68548,-27.489587709670985,2.9777652212519525
TCGA-29-1763-01,TCGA-29-1763,0,1,-0.8263773,5.3369746,-18.787520487514257,5.650606015646612
TCGA-29-1770-01,TCGA-29-1770,1,0,-5.0089173,4.3425646,14.65363624592929,10.305073263358791
TCGA-29-1776-01,TCGA-29-1776,1,0,-5.4510612,5.0783997,7.035960132714638,0.2253368837312137
TCGA-29-1778-01,TCGA-29-1778,1,2,-2.7341561,7.0682917,-1.3099192056201325,-17.18149735248411
TCGA-29-1781-01,TCGA-29-1781,1,2,-4.527713,6.90775,8.445224251666394,-5.6377130412201995
TCGA-29-1783-01,TCGA-29-1783,0,3,-1.7918684,5.711004,-6.893726791493467,3.7792675305128696
TCGA-29-1784-01,TCGA-29-1784,1,2,-3.738977,6.663703,1.2139504083778792,-17.729950644395743
TCGA-29-1785-01,TCGA-29-1785,1,2,-4.3137655,7.207742,17.469865081044457,-10.693377313666732
TCGA-29-2425-01,TCGA-29-2425,1,2,-3.2908955,6.588443,-1.376893311665622,-5.140060858746478
TCGA-29-2427-01,TCGA-29-2427,1,2,-5.1388893,6.089896,21.529636635705547,-7.2874792709647505
TCGA-29-2428-01,TCGA-29-2428,1,2,-3.4593785,4.488107,3.0236005608844683,-0.3605230320274739
TCGA-29-A5NZ-01,TCGA-29-A5NZ,0,1,-1.7587055,3.7233298,-10.01347409700831,17.621799907237957
TCGA-30-1718-01,TCGA-30-1718,1,2,-4.925887,5.165098,18.725142161305772,0.1635824281302979
TCGA-30-1855-01,TCGA-30-1855,1,0,-3.10361,3.9047813,7.702163014929606,11.925345784176967
TCGA-30-1857-01,TCGA-30-1857,1,0,-5.3125286,4.867147,22.77479863437636,7.82222979196553
TCGA-30-1860-01,TCGA-30-1860,1,2,-5.0798044,6.9548883,16.67334533847317,-6.741324911589259
TCGA-30-1861-01,TCGA-30-1861,1,0,-4.296676,3.966838,2.8357268865455256,15.744960563695816
TCGA-30-1862-01,TCGA-30-1862,1,0,-4.629812,4.9782124,14.423031776538277,4.1225936347787
TCGA-30-1891-01,TCGA-30-1891,1,0,-5.1615696,4.280068,18.302056109444507,9.834959464931153
TCGA-31-1944-01,TCGA-31-1944,1,2,-3.0121524,5.6754603,5.885530483104558,-4.735020719777656
TCGA-31-1946-01,TCGA-31-1946,1,0,-5.782516,5.7304664,16.997026310118866,-1.7619223806285778
TCGA-31-1950-01,TCGA-31-1950,0,2,-3.1415446,7.0118504,-1.9709496331485936,-21.641131238668468
TCGA-31-1951-01,TCGA-31-1951,1,0,-5.6000705,5.1174507,15.38743945392891,7.905121356264175
TCGA-31-1953-01,TCGA-31-1953,1,2,-5.5334506,6.037537,18.41059367309989,-6.172919420650163
TCGA-31-1956-01,TCGA-31-1956,1,0,-5.7354817,5.3964996,29.27645109134859,4.074760019616934
TCGA-31-1959-01,TCGA-31-1959,1,0,-3.402914,3.3840241,6.673882627523901,19.97761640550163
TCGA-36-1568-01,TCGA-36-1568,1,2,-2.8175833,5.4434776,12.17139564413556,-0.9664155736406633
TCGA-36-1569-01,TCGA-36-1569,1,0,-3.9561224,3.5323873,12.636993682224928,17.16425539290285
TCGA-36-1570-01,TCGA-36-1570,0,3,-0.29115844,6.738766,-8.948301126486736,-20.135263458477457
TCGA-36-1571-01,TCGA-36-1571,0,3,-0.23117356,5.9180293,-24.92140970474523,-6.044995779918888
TCGA-36-1574-01,TCGA-36-1574,1,2,-5.6546216,6.0683246,17.26750491583877,-8.774690580783663
TCGA-36-1575-01,TCGA-36-1575,0,1,-0.4204983,5.1247396,-27.279675846039446,6.416753386642347
TCGA-36-1576-01,TCGA-36-1576,1,0,-3.5998282,3.5837624,12.108903850716656,20.057741633184104
TCGA-36-1577-01,TCGA-36-1577,0,1,-0.8720103,4.0948515,-23.642570425263834,12.095365854277498
TCGA-36-1578-01,TCGA-36-1578,1,2,-4.216664,7.198239,15.372337660693182,-18.914057671999654
TCGA-36-1580-01,TCGA-36-1580,1,0,-3.754065,3.7736816,10.112166607842227,17.141510184914075
TCGA-36-1581-01,TCGA-36-1581,1,2,-4.77441,7.2001343,9.181451895970445,-8.338290524181888
TCGA-3P-A9WA-01,TCGA-3P-A9WA,1,2,-3.4588199,6.5836616,1.5362104981066889,-30.620367185090597
TCGA-57-1582-01,TCGA-57-1582,1,2,-3.7594707,5.241744,6.00019012523474,-1.818996737683003
TCGA-57-1583-01,TCGA-57-1583,1,2,-2.4235077,7.354835,-1.4233125065105796,-8.519728336995525
TCGA-57-1584-01,TCGA-57-1584,1,3,-2.5334668,6.244589,-0.3955418572017088,-17.746902106615845
TCGA-57-1585-01,TCGA-57-1585,1,0,-4.3827057,4.045892,17.051357786404253,15.201791784641786
TCGA-57-1993-01,TCGA-57-1993,0,3,-0.88639534,5.9423203,-15.395347265114255,-5.731325720528939
TCGA-57-1994-01,TCGA-57-1994,0,3,-1.3760424,5.4099717,-8.847875622773948,-2.178524430106742
TCGA-59-2348-01,TCGA-59-2348,1,2,-5.3646274,4.5844307,11.771028336101367,-2.1528124076025295
TCGA-59-2350-01,TCGA-59-2350,0,3,-1.3601439,7.264439,-6.287065076190639,0.41623340792344493
TCGA-59-2351-01,TCGA-59-2351,1,2,-2.5289667,6.6475787,3.8677786711440834,-7.348450227088905
TCGA-59-2352-01,TCGA-59-2352,0,1,-1.2509167,4.6832285,-18.613995141207266,6.909615341386616
TCGA-59-2354-01,TCGA-59-2354,1,0,-3.0451624,3.857289,5.030520439064139,9.33185676620866
TCGA-59-2355-01,TCGA-59-2355,1,3,-2.387683,5.7831726,1.3660388882656154,-2.030301619085942
TCGA-59-2363-01,TCGA-59-2363,0,1,-1.1228685,4.2578936,-17.519176563358602,12.109334558946506
TCGA-59-A5PD-01,TCGA-59-A5PD,0,2,-3.342618,6.474907,-6.48376304992488,-9.293735143972869
TCGA-5X-AA5U-01,TCGA-5X-AA5U,0,1,0.10234416,4.756937,-21.978865131416764,6.043421134409391
TCGA-61-1721-01,TCGA-61-1721,1,0,-2.6327825,4.608687,3.230084805470886,16.067028478321845
TCGA-61-1724-01,TCGA-61-1724,1,2,-4.045449,5.2024407,6.503401844049076,-8.686279414385986
TCGA-61-1725-01,TCGA-61-1725,1,2,-5.731783,5.0597095,11.727930298439041,-2.6580920098973255
TCGA-61-1728-01,TCGA-61-1728,0,3,-0.9751805,5.7898836,-11.867048060299062,1.3130461662115247
TCGA-61-1733-01,TCGA-61-1733,1,0,-4.1435266,3.7949808,-2.0560111289864893,13.679825669693692
TCGA-61-1736-01,TCGA-61-1736,0,3,-0.19324411,6.65366,-5.067082206060888,-18.835690441564
TCGA-61-1737-01,TCGA-61-1737,1,0,-5.0561957,4.47937,16.50653072196379,8.218141462409672
TCGA-61-1738-01,TCGA-61-1738,1,2,-4.26975,6.3184934,0.9392368690822719,-11.600951890418964
TCGA-61-1740-01,TCGA-61-1740,1,2,-4.8883,7.0537686,15.36881791326644,-3.92696454369288
TCGA-61-1741-01,TCGA-61-1741,0,1,-0.8825543,5.1420016,-18.819092567231046,8.972355757051034
TCGA-61-1743-01,TCGA-61-1743,0,2,-2.5294163,6.977934,-8.564178343308088,-11.28958285869527
TCGA-61-1900-01,TCGA-61-1900,0,1,-0.9076619,4.1143627,-20.972818416843936,17.77577017220334
TCGA-61-1907-01,TCGA-61-1907,1,2,-4.1917396,6.945284,3.269652329150674,-28.511617578960657
TCGA-61-1910-01,TCGA-61-1910,1,2,-2.5068467,7.430848,4.274173704339883,-19.512686669126975
TCGA-61-1914-01,TCGA-61-1914,1,3,-2.7506611,6.1623144,0.537018147133239,-8.660224264901723
TCGA-61-1917-01,TCGA-61-1917,1,3,-1.6617997,5.319361,-3.3030345710420397,3.943940064517159
TCGA-61-1918-01,TCGA-61-1918,1,3,-2.1655023,6.9484067,-0.43525580564257377,-14.620295206051916
TCGA-61-1919-01,TCGA-61-1919,1,0,-4.0394287,4.371361,18.05013306582416,11.874278682725405
TCGA-61-1995-01,TCGA-61-1995,0,3,-1.7281183,7.353899,-4.292231617583303,-7.93061101741943
TCGA-61-1998-01,TCGA-61-1998,1,0,-2.1977699,5.0300794,0.1546038841827304,4.479936969491703
TCGA-61-2000-01,TCGA-61-2000,1,2,-5.3772807,6.515609,10.895374850773026,-3.6620555281148066
TCGA-61-2002-01,TCGA-61-2002,1,0,-5.599005,5.24049,21.51771422236106,2.2680367313147354
TCGA-61-2003-01,TCGA-61-2003,1,0,-3.5471957,3.4715471,8.946788014379107,15.005219971893933
TCGA-61-2008-01,TCGA-61-2008,1,3,-2.3940735,5.2668314,-1.1913251778643397,3.9026134374554777
TCGA-61-2009-01,TCGA-61-2009,1,0,-3.3442986,3.9703622,9.442218044382816,13.354474693638075
TCGA-61-2012-01,TCGA-61-2012,1,0,-1.7229005,4.9708247,0.9905355958909235,4.799792701737851
TCGA-61-2016-01,TCGA-61-2016,1,3,-2.5328913,5.6779923,1.5947445688319797,-2.3936662096046444
TCGA-61-2088-01,TCGA-61-2088,0,1,0.005472189,5.41587,-26.042232044425976,-7.06092860541216
TCGA-61-2092-01,TCGA-61-2092,0,2,-4.2089987,6.5523224,-3.8663742375181975,-28.62540419843042
TCGA-61-2094-01,TCGA-61-2094,1,2,-4.0868597,7.44321,14.078830959974558,-16.907375994094508
TCGA-61-2095-01,TCGA-61-2095,1,0,-2.7169168,4.8412304,-0.6012198402398307,11.711553392228025
TCGA-61-2097-01,TCGA-61-2097,1,3,-2.608103,5.8862805,-0.4997941801456926,-1.8840122648033928
TCGA-61-2098-01,TCGA-61-2098,0,1,-0.63728446,4.4124503,-33.15313701782927,17.57218817184914
TCGA-61-2101-01,TCGA-61-2101,1,0,-3.3508854,4.372933,5.131981847263149,10.286654762234098
TCGA-61-2102-01,TCGA-61-2102,0,1,-1.406306,3.7090147,-15.168930787724097,25.233905229663126
TCGA-61-2104-01,TCGA-61-2104,1,2,-3.885315,7.5013924,5.725617599575182,-14.422374804825528
TCGA-61-2109-01,TCGA-61-2109,1,3,-2.0687337,6.7367735,-0.07024976509496224,-14.431151036454926
TCGA-61-2110-01,TCGA-61-2110,0,3,-1.6725758,7.2822676,-9.616882207228105,-0.17633027650662886
TCGA-61-2111-01,TCGA-61-2111,0,1,-2.5336616,4.138565,-6.4568551898109785,4.0643266516732535
TCGA-61-2113-01,TCGA-61-2113,1,0,-3.6495,3.963267,8.793549451856725,8.449649611105324
TCGA-OY-A56P-01,TCGA-OY-A56P,0,1,-0.025871085,4.8561616,-24.749017531183807,7.750505310782375
TCGA-OY-A56Q-01,TCGA-OY-A56Q,0,1,0.15323293,4.976685,-32.17424313537531,-6.4887972759804775
TCGA-VG-A8LO-01,TCGA-VG-A8LO,0,3,-2.0560496,6.5507927,-3.5626543913589166,-13.853962290213696
TCGA-WR-A838-01,TCGA-WR-A838,0,1,-0.13555042,5.3763275,-30.15664829727446,-6.013340440953203
