gene_a,gene_b,correlation,weight
CCL21,FABP4,0.6514392663536015,0.6514392663536015
CCL21,ADH1B,0.641098688512997,0.641098688512997
CCL21,SFRP4,0.6166337000551486,0.6166337000551486
CCL21,PLN,0.6191773844809995,0.6191773844809995
ATRNL1,DLK1,0.6513940374326082,0.6513940374326082
ATRNL1,C7,0.6266631881493833,0.6266631881493833
ATRNL1,GATA4,0.6443823771757954,0.6443823771757954
ATRNL1,COLEC11,0.6694810459433105,0.6694810459433105
ATRNL1,ARX,0.6391999341382852,0.6391999341382852
ATRNL1,STAR,0.609687507567965,0.609687507567965
ATRNL1,C3orf72,0.647277481563677,0.647277481563677
ATRNL1,FOXL2,0.6607135829934729,0.6607135829934729
ATRNL1,PEG3,0.6020026146226034,0.6020026146226034
ATRNL1,TCF21,0.660587851393429,0.660587851393429
ATRNL1,THSD7B,0.6317766730099758,0.6317766730099758
ATRNL1,PTPN5,0.630630628090627,0.630630628090627
COL11A1,SFRP2,0.8321172457471749,0.8321172457471749
COL11A1,EPYC,0.8123015128943323,0.8123015128943323
COL11A1,MMP13,0.7430119272166194,0.7430119272166194
COL11A1,POSTN,0.8639700441116013,0.8639700441116013
COL11A1,LRRC15,0.866386070956344,0.866386070956344
COL11A1,NTM,0.8711488490160427,0.8711488490160427
COL11A1,GREM1,0.7895321000968453,0.7895321000968453
COL11A1,CCL11,0.690592024226194,0.690592024226194
COL11A1,CXCL14,0.7102563361815132,0.7102563361815132
COL11A1,FAP,0.8683740930454783,0.8683740930454783
COL11A1,IGFL2,0.6987371124439223,0.6987371124439223
COL11A1,GFRA1,0.6330033147050325,0.6330033147050325
COL11A1,COL10A1,0.7987510972344137,0.7987510972344137
COL11A1,COL6A6,0.7287433491420531,0.7287433491420531
COL11A1,DIO2,0.7401538862227584,0.7401538862227584
COL11A1,ITGBL1,0.8201913803315408,0.8201913803315408
COL11A1,BCHE,0.60182607449319,0.60182607449319
COL11A1,MEGF10,0.7694669784949462,0.7694669784949462
COL11A1,DPT,0.7409552341852619,0.7409552341852619
COL11A1,OMD,0.7518352343178673,0.7518352343178673
COL11A1,MMP11,0.823292572505541,0.823292572505541
COL11A1,SFRP4,0.6503992266580739,0.6503992266580739
COL11A1,SEMA3D,0.6859981622001837,0.6859981622001837
COL11A1,ASPN,0.8032835046094658,0.8032835046094658
COL11A1,ALPK2,0.8303537628588995,0.8303537628588995
COL11A1,LUM,0.8748763875154169,0.8748763875154169
COL11A1,INHBA,0.8876485294281048,0.8876485294281048
COL11A1,MEOX2,0.6602204605751986,0.6602204605751986
COL11A1,PTGER3,0.6218775764175157,0.6218775764175157
COL11A1,GJB2,0.7524856942854921,0.7524856942854921
COL11A1,SVEP1,0.7418389093212147,0.7418389093212147
COL11A1,GRP,0.6518835729618326,0.6518835729618326
COL11A1,NKX3-2,0.7432727645057084,0.7432727645057084
COL11A1,PTPRD,0.6220211335681508,0.6220211335681508
COL11A1,PRRX1,0.8134739274880832,0.8134739274880832
COL11A1,C5orf46,0.7613009876635014,0.7613009876635014
COL11A1,SULF1,0.6745066056289515,0.6745066056289515
COL11A1,ACTG2,0.6884409826775854,0.6884409826775854
COL11A1,PLN,0.6172704661426673,0.6172704661426673
COL11A1,SCG2,0.7436700407782308,0.7436700407782308
COL11A1,SLC35D3,0.7626080657974086,0.7626080657974086
COL11A1,THBS2,0.8878894209935666,0.8878894209935666
COL11A1,ADAM12,0.8733883709818998,0.8733883709818998
PLN,SFRP2,0.6037895223671108,0.6037895223671108
PLN,EPYC,0.635311506327724,0.635311506327724
PLN,FABP4,0.6079613697171713,0.6079613697171713
PLN,POSTN,0.6266831040695334,0.6266831040695334
PLN,LRRC15,0.6147008577672695,0.6147008577672695
PLN,COMP,0.6890721521427786,0.6890721521427786
PLN,NTM,0.6059962261211699,0.6059962261211699
PLN,CCL11,0.6476783290129379,0.6476783290129379
PLN,FAP,0.700939741570394,0.700939741570394
PLN,IGFL2,0.6403058486891717,0.6403058486891717
PLN,COL10A1,0.6905399722413383,0.6905399722413383
PLN,ITGBL1,0.7061145281826691,0.7061145281826691
PLN,DPT,0.6000563359359598,0.6000563359359598
PLN,OMD,0.6900358214404868,0.6900358214404868
PLN,SFRP4,0.7656028485371433,0.7656028485371433
PLN,ASPN,0.7121969561649241,0.7121969561649241
PLN,LUM,0.683893391172431,0.683893391172431
PLN,INHBA,0.7111635072815895,0.7111635072815895
PLN,SVEP1,0.6008007942653443,0.6008007942653443
PLN,CPA3,0.6041449640754847,0.6041449640754847
PLN,PRRX1,0.6427883240108839,0.6427883240108839
PLN,C5orf46,0.664046547823163,0.664046547823163
PLN,ACTG2,0.7577355757095177,0.7577355757095177
PLN,THBS2,0.7495089621620945,0.7495089621620945
BCHE,SFRP2,0.6353136178796857,0.6353136178796857
BCHE,POSTN,0.6110635423250711,0.6110635423250711
BCHE,ASPN,0.6061777020051958,0.6061777020051958
BCHE,LUM,0.6113495877776391,0.6113495877776391
BCHE,MEOX2,0.6251516790146217,0.6251516790146217
BCHE,SVEP1,0.6573097797322861,0.6573097797322861
C7,DLK1,0.6293032581736155,0.6293032581736155
C7,GATA4,0.7002144707968557,0.7002144707968557
C7,TSPAN8,0.6035617107951926,0.6035617107951926
C7,COLEC11,0.7608398716474533,0.7608398716474533
C7,ARX,0.7386148794405518,0.7386148794405518
C7,STAR,0.7107855321487541,0.7107855321487541
C7,C3orf72,0.6859364911065026,0.6859364911065026
C7,FOXL2,0.6962313855416739,0.6962313855416739
C7,PLCXD3,0.7138800564158094,0.7138800564158094
C7,PEG3,0.7296232991059167,0.7296232991059167
C7,CADPS,0.6557406416208293,0.6557406416208293
C7,CASR,0.6116156511010933,0.6116156511010933
C7,TCF21,0.8431003982386666,0.8431003982386666
C7,THSD7B,0.6132813563396018,0.6132813563396018
C7,ABCA8,0.6631260753975274,0.6631260753975274
C7,SCUBE1,0.6017940907885616,0.6017940907885616
C7,PROK1,0.6674714747265056,0.6674714747265056
C7,PTPN5,0.6298252164668663,0.6298252164668663
ITGBL1,SFRP2,0.7654168722268531,0.7654168722268531
ITGBL1,EPYC,0.7868817249360199,0.7868817249360199
ITGBL1,MMP13,0.6024999624981483,0.6024999624981483
ITGBL1,POSTN,0.7771405840985959,0.7771405840985959
ITGBL1,LRRC15,0.837027160364205,0.837027160364205
ITGBL1,COMP,0.6290381972187926,0.6290381972187926
ITGBL1,NTM,0.8679299962307618,0.8679299962307618
ITGBL1,GREM1,0.6685226183706281,0.6685226183706281
ITGBL1,CCL11,0.7343754254493855,0.7343754254493855
ITGBL1,CXCL14,0.6723934096915674,0.6723934096915674
ITGBL1,FAP,0.8287394943064149,0.8287394943064149
ITGBL1,IGFL2,0.6827728181608058,0.6827728181608058
ITGBL1,COL10A1,0.8397031960446873,0.8397031960446873
ITGBL1,COL6A6,0.604155157229796,0.604155157229796
ITGBL1,DIO2,0.6770662173578424,0.6770662173578424
ITGBL1,MEGF10,0.6149796501605391,0.6149796501605391
ITGBL1,DPT,0.7687992659398808,0.7687992659398808
ITGBL1,OMD,0.7893727177833985,0.7893727177833985
ITGBL1,MMP11,0.7033474561173663,0.7033474561173663
ITGBL1,SFRP4,0.7169428925736713,0.7169428925736713
ITGBL1,ASPN,0.7748595647330053,0.7748595647330053
ITGBL1,ALPK2,0.727617560193264,0.727617560193264
ITGBL1,LUM,0.8333044440613118,0.8333044440613118
ITGBL1,INHBA,0.8363875962811268,0.8363875962811268
ITGBL1,MEOX2,0.6323093640639641,0.6323093640639641
ITGBL1,PTGER3,0.6394556371878526,0.6394556371878526
ITGBL1,GJB2,0.6605079178849805,0.6605079178849805
ITGBL1,SVEP1,0.6871313839757053,0.6871313839757053
ITGBL1,NKX3-2,0.6488056871315598,0.6488056871315598
ITGBL1,CPA3,0.64463578253085,0.64463578253085
ITGBL1,PRRX1,0.7854731396438015,0.7854731396438015
ITGBL1,C5orf46,0.7274956669531667,0.7274956669531667
ITGBL1,SULF1,0.6353240265441449,0.6353240265441449
ITGBL1,ACTG2,0.6197687080287485,0.6197687080287485
ITGBL1,SCG2,0.6726351906930924,0.6726351906930924
ITGBL1,SLC35D3,0.7034761625349213,0.7034761625349213
ITGBL1,THBS2,0.837587612281343,0.837587612281343
ITGBL1,ADAM12,0.7308257443450625,0.7308257443450625
DPYSL5,COL2A1,0.6238595965215119,0.6238595965215119
DPYSL5,TUBB2B,0.6439472939616301,0.6439472939616301
ALPK2,SFRP2,0.7938813535574171,0.7938813535574171
ALPK2,EPYC,0.7256160805273324,0.7256160805273324
ALPK2,MMP13,0.7025263711124317,0.7025263711124317
ALPK2,POSTN,0.8142644711901817,0.8142644711901817
ALPK2,LRRC15,0.7909604318892961,0.7909604318892961
ALPK2,NTM,0.805772606771788,0.805772606771788
ALPK2,GREM1,0.7689506120850627,0.7689506120850627
ALPK2,CCL11,0.7095527117999815,0.7095527117999815
ALPK2,CXCL14,0.679303178846789,0.679303178846789
ALPK2,FAP,0.8675177354768147,0.8675177354768147
ALPK2,IGFL2,0.7141216968408504,0.7141216968408504
ALPK2,COL10A1,0.7513370983385527,0.7513370983385527
ALPK2,COL6A6,0.7392861970548729,0.7392861970548729
ALPK2,DIO2,0.694243877289718,0.694243877289718
ALPK2,MEGF10,0.6823708683017864,0.6823708683017864
ALPK2,DPT,0.6852313290091641,0.6852313290091641
ALPK2,OMD,0.6627472950593742,0.6627472950593742
ALPK2,MMP11,0.7731047618539677,0.7731047618539677
ALPK2,SFRP4,0.6487595027455348,0.6487595027455348
ALPK2,SEMA3D,0.6191353026690425,0.6191353026690425
ALPK2,ASPN,0.7306663022180109,0.7306663022180109
ALPK2,LUM,0.8391525282672668,0.8391525282672668
ALPK2,INHBA,0.8467535024559772,0.8467535024559772
ALPK2,MEOX2,0.6316878427559611,0.6316878427559611
ALPK2,PTGER3,0.6271079264334005,0.6271079264334005
ALPK2,GJB2,0.7144226840767924,0.7144226840767924
ALPK2,SVEP1,0.7113033157372144,0.7113033157372144
ALPK2,GRP,0.6069417312539555,0.6069417312539555
ALPK2,FMO1,0.624652634952085,0.624652634952085
ALPK2,NKX3-2,0.7263355142387089,0.7263355142387089
ALPK2,PRRX1,0.8130464575213617,0.8130464575213617
ALPK2,C5orf46,0.6986607996848182,0.6986607996848182
ALPK2,SULF1,0.6910577552037016,0.6910577552037016
ALPK2,ACTG2,0.6391360614158043,0.6391360614158043
ALPK2,SCG2,0.7181489481159777,0.7181489481159777
ALPK2,SLC35D3,0.7368474256684986,0.7368474256684986
ALPK2,THBS2,0.86531593298992,0.86531593298992
ALPK2,ADAM12,0.8345420320828096,0.8345420320828096
TPSAB1,FAP,0.6088553276287971,0.6088553276287971
TPSAB1,TPSB2,0.953116006604694,0.953116006604694
TPSAB1,CPA3,0.7853819206935687,0.7853819206935687
PITX2,FAP,0.610384113426005,0.610384113426005
POSTN,SFRP2,0.8471160790675452,0.8471160790675452
POSTN,EPYC,0.7794077731207656,0.7794077731207656
POSTN,MMP13,0.761178013574736,0.761178013574736
POSTN,LRRC15,0.832219913554595,0.832219913554595
POSTN,TSPAN8,-0.6011545462211537,0.6011545462211537
POSTN,COLEC11,-0.6482374248602762,0.6482374248602762
POSTN,NTM,0.8635021318363801,0.8635021318363801
POSTN,GREM1,0.8087078793698286,0.8087078793698286
POSTN,CCL11,0.724663107885698,0.724663107885698
POSTN,STAR,-0.6228193646596073,0.6228193646596073
POSTN,CXCL14,0.6573913043478261,0.6573913043478261
POSTN,FAP,0.8985219835775953,0.8985219835775953
POSTN,IGFL2,0.6897921054551175,0.6897921054551175
POSTN,GFRA1,0.609127927700558,0.609127927700558
POSTN,COL10A1,0.7113745708285648,0.7113745708285648
POSTN,COL6A6,0.7981042584723324,0.7981042584723324
POSTN,DIO2,0.7815388088929799,0.7815388088929799
POSTN,MEGF10,0.7342794757789153,0.7342794757789153
POSTN,DPT,0.7785041248237033,0.7785041248237033
POSTN,OMD,0.7178863809186072,0.7178863809186072
POSTN,MMP11,0.8423647865381653,0.8423647865381653
POSTN,SFRP4,0.6259167324081378,0.6259167324081378
POSTN,ASPN,0.8704127247693499,0.8704127247693499
POSTN,LUM,0.8930277003077812,0.8930277003077812
POSTN,INHBA,0.881168012977922,0.881168012977922
POSTN,MEOX2,0.7030412408252609,0.7030412408252609
POSTN,PTGER3,0.6359852887254303,0.6359852887254303
POSTN,GJB2,0.7275565284058712,0.7275565284058712
POSTN,SVEP1,0.7502318914654608,0.7502318914654608
POSTN,GRP,0.6567053941485937,0.6567053941485937
POSTN,FMO1,0.6128124326728593,0.6128124326728593
POSTN,NKX3-2,0.6889608344053562,0.6889608344053562
POSTN,PRRX1,0.8839449327214747,0.8839449327214747
POSTN,C5orf46,0.7202551071063122,0.7202551071063122
POSTN,SULF1,0.6685349837220413,0.6685349837220413
POSTN,ACTG2,0.6697216635740397,0.6697216635740397
POSTN,SCG2,0.7238520428004755,0.7238520428004755
POSTN,SLC35D3,0.7038702197004897,0.7038702197004897
POSTN,THBS2,0.8686758741763797,0.8686758741763797
POSTN,ADAM12,0.890828120312448,0.890828120312448
PRRX1,SFRP2,0.8308532317025745,0.8308532317025745
PRRX1,EPYC,0.7473274371778528,0.7473274371778528
PRRX1,MMP13,0.7275708655485121,0.7275708655485121
PRRX1,LRRC15,0.8201144457160635,0.8201144457160635
PRRX1,NTM,0.8571790174211706,0.8571790174211706
PRRX1,GREM1,0.7764321694865417,0.7764321694865417
PRRX1,CCL11,0.7246275449363118,0.7246275449363118
PRRX1,CXCL14,0.7184484272047467,0.7184484272047467
PRRX1,FAP,0.9201160012889033,0.9201160012889033
PRRX1,IGFL2,0.6956976462405393,0.6956976462405393
PRRX1,GFRA1,0.6754158048049222,0.6754158048049222
PRRX1,COL10A1,0.7923403593373259,0.7923403593373259
PRRX1,COL6A6,0.7379118218352554,0.7379118218352554
PRRX1,DIO2,0.7758214094919196,0.7758214094919196
PRRX1,MEGF10,0.7270220158430797,0.7270220158430797
PRRX1,DPT,0.7564593410025809,0.7564593410025809
PRRX1,OMD,0.7620677657289732,0.7620677657289732
PRRX1,MMP11,0.8194303069401163,0.8194303069401163
PRRX1,SFRP4,0.7314512383470927,0.7314512383470927
PRRX1,SEMA3D,0.6016566869154337,0.6016566869154337
PRRX1,ASPN,0.8406119359602319,0.8406119359602319
PRRX1,LUM,0.9119527994755497,0.9119527994755497
PRRX1,INHBA,0.8676127512527917,0.8676127512527917
PRRX1,MEOX2,0.6722034620013849,0.6722034620013849
PRRX1,PTGER3,0.6692781030900343,0.6692781030900343
PRRX1,GJB2,0.7048953877265303,0.7048953877265303
PRRX1,TPSB2,0.6036143106256934,0.6036143106256934
PRRX1,SVEP1,0.743794042156024,0.743794042156024
PRRX1,GRP,0.6769993640892451,0.6769993640892451
PRRX1,FMO1,0.7493397425904493,0.7493397425904493
PRRX1,NKX3-2,0.7633717305922998,0.7633717305922998
PRRX1,PTPRD,0.6215020166890743,0.6215020166890743
PRRX1,CPA3,0.617193200406139,0.617193200406139
PRRX1,C5orf46,0.6837166992504466,0.6837166992504466
PRRX1,SULF1,0.6896547739419326,0.6896547739419326
PRRX1,ACTG2,0.6516392404360049,0.6516392404360049
PRRX1,SCG2,0.7214053489483216,0.7214053489483216
PRRX1,SLC35D3,0.71087212340902,0.71087212340902
PRRX1,THBS2,0.8714741274903054,0.8714741274903054
PRRX1,ADAM12,0.8527605862287359,0.8527605862287359
LUM,SFRP2,0.8620682452027245,0.8620682452027245
LUM,EPYC,0.8257028966080648,0.8257028966080648
LUM,MMP13,0.7352699430144961,0.7352699430144961
LUM,FABP4,0.6256478464470943,0.6256478464470943
LUM,LRRC15,0.8634678163090701,0.8634678163090701
LUM,COMP,0.600109779119893,0.600109779119893
LUM,NTM,0.8803176204827672,0.8803176204827672
LUM,GREM1,0.7998873320189971,0.7998873320189971
LUM,CCL11,0.7821975142080864,0.7821975142080864
LUM,CXCL14,0.7547834975944178,0.7547834975944178
LUM,FAP,0.9387410971233013,0.9387410971233013
LUM,IGFL2,0.7519736753233915,0.7519736753233915
LUM,GFRA1,0.6675521583805627,0.6675521583805627
LUM,COL10A1,0.8236269291881021,0.8236269291881021
LUM,COL6A6,0.7596249412849511,0.7596249412849511
LUM,DIO2,0.7827952678565059,0.7827952678565059
LUM,SERPINB7,0.603459603195572,0.603459603195572
LUM,MEGF10,0.7481468287985739,0.7481468287985739
LUM,DPT,0.8271556324473992,0.8271556324473992
LUM,OMD,0.822398315734789,0.822398315734789
LUM,MMP11,0.8415118880778604,0.8415118880778604
LUM,NNMT,0.6051747241636019,0.6051747241636019
LUM,SFRP4,0.7416251291681019,0.7416251291681019
LUM,SEMA3D,0.6302868146170122,0.6302868146170122
LUM,ASPN,0.8466457834624702,0.8466457834624702
LUM,INHBA,0.8940481560906233,0.8940481560906233
LUM,MEOX2,0.7025548812360067,0.7025548812360067
LUM,PTGER3,0.6958739541550462,0.6958739541550462
LUM,GJB2,0.7545586062067356,0.7545586062067356
LUM,TPSB2,0.6007191287432122,0.6007191287432122
LUM,SVEP1,0.7608742319359104,0.7608742319359104
LUM,GRP,0.6583120726460618,0.6583120726460618
LUM,FMO1,0.7023107703764275,0.7023107703764275
LUM,NKX3-2,0.7589466861698914,0.7589466861698914
LUM,CPA3,0.6434781417706061,0.6434781417706061
LUM,C5orf46,0.761773815081948,0.761773815081948
LUM,SULF1,0.6803186702074467,0.6803186702074467
LUM,ACTG2,0.6772293025478061,0.6772293025478061
LUM,SCG2,0.7455238391537684,0.7455238391537684
LUM,SLC35D3,0.7555340692707275,0.7555340692707275
LUM,THBS2,0.9076669740774898,0.9076669740774898
LUM,ADAM12,0.8741012677918644,0.8741012677918644
GRP,SFRP2,0.6347645675874478,0.6347645675874478
GRP,MMP13,0.690016892265944,0.690016892265944
GRP,LRRC15,0.6499472106437532,0.6499472106437532
GRP,NTM,0.6634584412928213,0.6634584412928213
GRP,GREM1,0.6472272880778798,0.6472272880778798
GRP,FAP,0.6296666334107773,0.6296666334107773
GRP,DIO2,0.6706039745884096,0.6706039745884096
GRP,MEGF10,0.7149318169805602,0.7149318169805602
GRP,MMP11,0.6870482122094933,0.6870482122094933
GRP,ADAM12,0.6156194687535579,0.6156194687535579
COL2A1,DLK1,0.6336742499892533,0.6336742499892533
COL2A1,EDN3,0.6547876229768189,0.6547876229768189
COL2A1,COLEC11,0.636813937673345,0.636813937673345
COL2A1,AMHR2,0.6603171416065432,0.6603171416065432
COL2A1,PTPN5,0.6139425413776718,0.6139425413776718
MS4A1,ADAM6,0.7707389225200112,0.7707389225200112
MS4A1,IGJ,0.7532941059346185,0.7532941059346185
MS4A1,MGC29506,0.7286030034084386,0.7286030034084386
MS4A1,BMS1P20,0.7506731464068398,0.7506731464068398
MS4A1,CXCL13,0.6940361363153027,0.6940361363153027
MS4A1,FCRL5,0.7697902465292787,0.7697902465292787
MS4A1,CD79A,0.7587186058614952,0.7587186058614952
MS4A1,CXCL9,0.6739709348631611,0.6739709348631611
MS4A1,PLA2G2D,0.6988980333728699,0.6988980333728699
MS4A1,IRF4,0.7939823444149858,0.7939823444149858
MS4A1,CCL19,0.7786896589334775,0.7786896589334775
MS4A1,IL21R,0.7285619264580845,0.7285619264580845
MS4A1,GZMK,0.7812282728756806,0.7812282728756806
FCRL5,ADAM6,0.9400426582533733,0.9400426582533733
FCRL5,IGJ,0.9125343338178681,0.9125343338178681
FCRL5,MGC29506,0.916755456553605,0.916755456553605
FCRL5,BMS1P20,0.9261601520298045,0.9261601520298045
FCRL5,CXCL13,0.6986463886716244,0.6986463886716244
FCRL5,CD79A,0.8830853247070997,0.8830853247070997
FCRL5,CXCL9,0.7009949407722472,0.7009949407722472
FCRL5,PLA2G2D,0.6937774799907733,0.6937774799907733
FCRL5,POU2AF1,0.7304424385919907,0.7304424385919907
FCRL5,IRF4,0.8951817453707275,0.8951817453707275
FCRL5,CCL19,0.6828658240251135,0.6828658240251135
FCRL5,KIAA0125,0.6722605758151083,0.6722605758151083
FCRL5,IL21R,0.6998155285727257,0.6998155285727257
FCRL5,GZMK,0.690389537318127,0.690389537318127
NKX3-2,SFRP2,0.7803068388172997,0.7803068388172997
NKX3-2,EPYC,0.6838172769209228,0.6838172769209228
NKX3-2,MMP13,0.6043937380085224,0.6043937380085224
NKX3-2,LRRC15,0.7355740585274816,0.7355740585274816
NKX3-2,COMP,0.6212184244598868,0.6212184244598868
NKX3-2,NTM,0.701137365975775,0.701137365975775
NKX3-2,GREM1,0.6292795420764754,0.6292795420764754
NKX3-2,CXCL14,0.6856836164545831,0.6856836164545831
NKX3-2,FAP,0.7707797012829783,0.7707797012829783
NKX3-2,IGFL2,0.6429669298936839,0.6429669298936839
NKX3-2,GFRA1,0.6112063095125657,0.6112063095125657
NKX3-2,COL10A1,0.7656727181280026,0.7656727181280026
NKX3-2,DIO2,0.6764226200788096,0.6764226200788096
NKX3-2,BARX1,0.6126223508345846,0.6126223508345846
NKX3-2,MEGF10,0.6622178266064056,0.6622178266064056
NKX3-2,OMD,0.6644647341596639,0.6644647341596639
NKX3-2,MMP11,0.7197281762280544,0.7197281762280544
NKX3-2,SFRP4,0.6622500855485738,0.6622500855485738
NKX3-2,ASPN,0.6671035275074734,0.6671035275074734
NKX3-2,INHBA,0.7501410522620084,0.7501410522620084
NKX3-2,GJB2,0.6321069710111188,0.6321069710111188
NKX3-2,SVEP1,0.6164717251420685,0.6164717251420685
NKX3-2,ACTG2,0.6064346894811142,0.6064346894811142
NKX3-2,SLC35D3,0.6724083097696503,0.6724083097696503
NKX3-2,THBS2,0.7656802754672813,0.7656802754672813
NKX3-2,ADAM12,0.7188692268757997,0.7188692268757997
SFRP4,SFRP2,0.6581162012911255,0.6581162012911255
SFRP4,EPYC,0.6319434369017907,0.6319434369017907
SFRP4,LRRC15,0.7095625506950077,0.7095625506950077
SFRP4,COMP,0.649551272293729,0.649551272293729
SFRP4,NTM,0.6499309588445964,0.6499309588445964
SFRP4,CCL11,0.7121453942386027,0.7121453942386027
SFRP4,FAP,0.7431651462794031,0.7431651462794031
SFRP4,IGFL2,0.6555248082476504,0.6555248082476504
SFRP4,COL10A1,0.8166068511872354,0.8166068511872354
SFRP4,DIO2,0.6012945038476594,0.6012945038476594
SFRP4,DPT,0.6366301914859072,0.6366301914859072
SFRP4,OMD,0.8018736865018259,0.8018736865018259
SFRP4,MMP11,0.6276581548304081,0.6276581548304081
SFRP4,ASPN,0.6507164082785599,0.6507164082785599
SFRP4,INHBA,0.7284654273936377,0.7284654273936377
SFRP4,OGN,0.6045844953832821,0.6045844953832821
SFRP4,GJB2,0.6122756919521328,0.6122756919521328
SFRP4,SVEP1,0.6456778408648985,0.6456778408648985
SFRP4,FMO1,0.7127937769079453,0.7127937769079453
SFRP4,CNTN1,0.6083925470203947,0.6083925470203947
SFRP4,C5orf46,0.6484286076718507,0.6484286076718507
SFRP4,SULF1,0.6174637495972177,0.6174637495972177
SFRP4,ACTG2,0.7079794219935777,0.7079794219935777
SFRP4,THBS2,0.8036929299214436,0.8036929299214436
SFRP4,ADAM12,0.6565348503872265,0.6565348503872265
TCF21,DLK1,0.6041341160923489,0.6041341160923489
TCF21,GATA4,0.7315719960884645,0.7315719960884645
TCF21,COLEC11,0.7311982702015316,0.7311982702015316
TCF21,ARX,0.7813461838085409,0.7813461838085409
TCF21,STAR,0.6983738690143858,0.6983738690143858
TCF21,C3orf72,0.7304454222890613,0.7304454222890613
TCF21,FOXL2,0.7535104197607063,0.7535104197607063
TCF21,PLCXD3,0.6694370362692176,0.6694370362692176
TCF21,PEG3,0.7422679610533156,0.7422679610533156
TCF21,CADPS,0.6658971886783243,0.6658971886783243
TCF21,THSD7B,0.6031707124662191,0.6031707124662191
TCF21,ABCA8,0.6515951566287356,0.6515951566287356
TCF21,SCUBE1,0.6160233425597729,0.6160233425597729
TCF21,PROK1,0.719465496790433,0.719465496790433
TCF21,PTPN5,0.6678314079983669,0.6678314079983669
ADAM12,SFRP2,0.8128010311225681,0.8128010311225681
ADAM12,EPYC,0.729251203852698,0.729251203852698
ADAM12,MMP13,0.7403874651894361,0.7403874651894361
ADAM12,LRRC15,0.839964888498761,0.839964888498761
ADAM12,NTM,0.8171444783994307,0.8171444783994307
ADAM12,GREM1,0.7626597865865168,0.7626597865865168
ADAM12,CCL11,0.6861537681427891,0.6861537681427891
ADAM12,CXCL14,0.6903236702630029,0.6903236702630029
ADAM12,FAP,0.8741497127745864,0.8741497127745864
ADAM12,IGFL2,0.7071014797981748,0.7071014797981748
ADAM12,GFRA1,0.6503355149882374,0.6503355149882374
ADAM12,COL10A1,0.7060647340526006,0.7060647340526006
ADAM12,COL6A6,0.7967259651903069,0.7967259651903069
ADAM12,DIO2,0.7448219401647155,0.7448219401647155
ADAM12,MEGF10,0.7490444000117785,0.7490444000117785
ADAM12,DPT,0.7212011984803126,0.7212011984803126
ADAM12,OMD,0.7165159089458699,0.7165159089458699
ADAM12,MMP11,0.8435547998927596,0.8435547998927596
ADAM12,SEMA3D,0.6347299800334811,0.6347299800334811
ADAM12,ASPN,0.8210663767671015,0.8210663767671015
ADAM12,INHBA,0.8629269214102379,0.8629269214102379
ADAM12,MEOX2,0.6595868136812388,0.6595868136812388
ADAM12,PTGER3,0.6082445360504005,0.6082445360504005
ADAM12,GJB2,0.7542372693029923,0.7542372693029923
ADAM12,SVEP1,0.7606782297581084,0.7606782297581084
ADAM12,FMO1,0.6311424161537852,0.6311424161537852
ADAM12,PTPRD,0.6031511461238458,0.6031511461238458
ADAM12,C5orf46,0.6978847944187585,0.6978847944187585
ADAM12,SULF1,0.6762959588439872,0.6762959588439872
ADAM12,ACTG2,0.7063056256180624,0.7063056256180624
ADAM12,SCG2,0.777665085167613,0.777665085167613
ADAM12,SLC35D3,0.7319009754392026,0.7319009754392026
ADAM12,THBS2,0.8907387859865109,0.8907387859865109
IGFL2,SFRP2,0.6913235091467071,0.6913235091467071
IGFL2,EPYC,0.6910580626332183,0.6910580626332183
IGFL2,MMP13,0.6011250221411958,0.6011250221411958
IGFL2,LRRC15,0.7280036174542635,0.7280036174542635
IGFL2,NTM,0.7237697389638519,0.7237697389638519
IGFL2,GREM1,0.6560122253214542,0.6560122253214542
IGFL2,CCL11,0.7406396847503255,0.7406396847503255
IGFL2,CXCL14,0.6490979811134437,0.6490979811134437
IGFL2,FAP,0.784361451814878,0.784361451814878
IGFL2,COL10A1,0.7186582536577139,0.7186582536577139
IGFL2,DIO2,0.6486141066315861,0.6486141066315861
IGFL2,CALB2,0.6328420720185274,0.6328420720185274
IGFL2,OMD,0.6187485169947078,0.6187485169947078
IGFL2,MMP11,0.640700562703322,0.640700562703322
IGFL2,NNMT,0.6621107999983729,0.6621107999983729
IGFL2,ASPN,0.6113689029223968,0.6113689029223968
IGFL2,INHBA,0.7563560374043901,0.7563560374043901
IGFL2,PTGER3,0.642472642802493,0.642472642802493
IGFL2,GJB2,0.755832528086101,0.755832528086101
IGFL2,SVEP1,0.6266826681157016,0.6266826681157016
IGFL2,C5orf46,0.732578549176225,0.732578549176225
IGFL2,SULF1,0.6385001962981082,0.6385001962981082
IGFL2,ACTG2,0.6257579128018661,0.6257579128018661
IGFL2,SLC35D3,0.6890590675570442,0.6890590675570442
IGFL2,THBS2,0.7917672747188278,0.7917672747188278
PROK1,DLK1,0.6592144458679502,0.6592144458679502
PROK1,GATA4,0.7346827055780492,0.7346827055780492
PROK1,COLEC11,0.7008139198750641,0.7008139198750641
PROK1,ARX,0.7728136671261067,0.7728136671261067
PROK1,STAR,0.7441132388113475,0.7441132388113475
PROK1,C3orf72,0.7027602742897513,0.7027602742897513
PROK1,FOXL2,0.7001368554844567,0.7001368554844567
PROK1,PEG3,0.6677448247653623,0.6677448247653623
PROK1,AMHR2,0.6190244207741593,0.6190244207741593
PROK1,CADPS,0.6089831998193136,0.6089831998193136
PROK1,PTPN5,0.6551990428637176,0.6551990428637176
CPA3,FAP,0.6207507983767178,0.6207507983767178
CPA3,TPSB2,0.770062736051889,0.770062736051889
TPSB2,FAP,0.6115829498598052,0.6115829498598052
CCL18,PLA2G2D,0.6380558590835826,0.6380558590835826
CCL18,CCL13,0.614581189634421,0.614581189634421
HLA-DQB2,HLA-DQA2,0.7783561054484065,0.7783561054484065
HLA-DQB2,CD1A,0.6912557792263259,0.6912557792263259
HLA-DQB2,CD1E,0.6851316502859299,0.6851316502859299
FAP,SFRP2,0.8658327314747941,0.8658327314747941
FAP,EPYC,0.8218843434336671,0.8218843434336671
FAP,MMP13,0.7522158690636533,0.7522158690636533
FAP,LRRC15,0.87035367059634,0.87035367059634
FAP,COMP,0.6427676338270325,0.6427676338270325
FAP,NTM,0.9050593918356273,0.9050593918356273
FAP,GREM1,0.8133650448145373,0.8133650448145373
FAP,CCL11,0.8266458664985004,0.8266458664985004
FAP,CXCL14,0.7411260125112501,0.7411260125112501
FAP,GFRA1,0.6291206031714766,0.6291206031714766
FAP,COL10A1,0.8593406593406593,0.8593406593406593
FAP,COL6A6,0.7831185969770826,0.7831185969770826
FAP,DIO2,0.7882388863160975,0.7882388863160975
FAP,MEGF10,0.7197814450907558,0.7197814450907558
FAP,DPT,0.7920668292794695,0.7920668292794695
FAP,OMD,0.7652190066679074,0.7652190066679074
FAP,MMP11,0.8339855813937519,0.8339855813937519
FAP,NNMT,0.6200900010000111,0.6200900010000111
FAP,SEMA3D,0.6387626959889009,0.6387626959889009
FAP,ASPN,0.8199743641482888,0.8199743641482888
FAP,INHBA,0.9225893621040234,0.9225893621040234
FAP,MEOX2,0.7113042366099419,0.7113042366099419
FAP,PTGER3,0.7132163690707675,0.7132163690707675
FAP,GJB2,0.7742623806931188,0.7742623806931188
FAP,SVEP1,0.7690227669196325,0.7690227669196325
FAP,FMO1,0.6972393801308258,0.6972393801308258
FAP,C5orf46,0.7858692787514284,0.7858692787514284
FAP,SULF1,0.7483549817220191,0.7483549817220191
FAP,ACTG2,0.6518574650829454,0.6518574650829454
FAP,SCG2,0.7444549383882043,0.7444549383882043
FAP,SLC35D3,0.769652691175954,0.769652691175954
FAP,THBS2,0.9387508750097223,0.9387508750097223
VNN3,LCN2,0.6014855213522542,0.6014855213522542
C5orf46,SFRP2,0.7060140805390229,0.7060140805390229
C5orf46,EPYC,0.737370301691511,0.737370301691511
C5orf46,LRRC15,0.7381656758979893,0.7381656758979893
C5orf46,COMP,0.6279300064723256,0.6279300064723256
C5orf46,NTM,0.7727046205884479,0.7727046205884479
C5orf46,GREM1,0.7097730067748992,0.7097730067748992
C5orf46,CCL11,0.7459304602283181,0.7459304602283181
C5orf46,COL10A1,0.7501808450897609,0.7501808450897609
C5orf46,DIO2,0.6133024867310639,0.6133024867310639
C5orf46,DPT,0.6926890279557479,0.6926890279557479
C5orf46,OMD,0.6308608491043407,0.6308608491043407
C5orf46,MMP11,0.6648384693453281,0.6648384693453281
C5orf46,ASPN,0.644565537289079,0.644565537289079
C5orf46,INHBA,0.8116098249862211,0.8116098249862211
C5orf46,GJB2,0.7129017486222627,0.7129017486222627
C5orf46,SVEP1,0.6339761469570675,0.6339761469570675
C5orf46,SULF1,0.6385652492976135,0.6385652492976135
C5orf46,ACTG2,0.6210875852319765,0.6210875852319765
C5orf46,SCG2,0.6002595374494031,0.6002595374494031
C5orf46,SLC35D3,0.6529520866185289,0.6529520866185289
C5orf46,THBS2,0.7922881339886423,0.7922881339886423
MMP11,SFRP2,0.7782976231177754,0.7782976231177754
MMP11,EPYC,0.7361452164745419,0.7361452164745419
MMP11,MMP13,0.7935047518624838,0.7935047518624838
MMP11,LRRC15,0.82625949468989,0.82625949468989
MMP11,NTM,0.8246415040868628,0.8246415040868628
MMP11,GREM1,0.7561353500386417,0.7561353500386417
MMP11,CCL11,0.6686610944414968,0.6686610944414968
MMP11,CXCL14,0.6678412724409504,0.6678412724409504
MMP11,GFRA1,0.6131898205479404,0.6131898205479404
MMP11,COL10A1,0.7461899294647686,0.7461899294647686
MMP11,COL6A6,0.7378630124113975,0.7378630124113975
MMP11,DIO2,0.824322061535208,0.824322061535208
MMP11,CHRNA1,0.6147667779511747,0.6147667779511747
MMP11,MEGF10,0.8138467319917163,0.8138467319917163
MMP11,DPT,0.7107017930188102,0.7107017930188102
MMP11,OMD,0.7105593468226427,0.7105593468226427
MMP11,ASPN,0.7416810973906218,0.7416810973906218
MMP11,INHBA,0.8180376246444594,0.8180376246444594
MMP11,GJB2,0.6810963100808174,0.6810963100808174
MMP11,SVEP1,0.6553104651507796,0.6553104651507796
MMP11,FMO1,0.6770852291881531,0.6770852291881531
MMP11,SULF1,0.6144711179536608,0.6144711179536608
MMP11,ACTG2,0.6678061609358102,0.6678061609358102
MMP11,SCG2,0.7268723793455949,0.7268723793455949
MMP11,SLC35D3,0.7019660682601427,0.7019660682601427
MMP11,THBS2,0.8183474058986713,0.8183474058986713
ABCA8,OGN,0.6711048315057863,0.6711048315057863
GZMK,ADAM6,0.7306922719627199,0.7306922719627199
GZMK,IGJ,0.7455083526476814,0.7455083526476814
GZMK,MGC29506,0.7075488836999901,0.7075488836999901
GZMK,BMS1P20,0.7148199474611721,0.7148199474611721
GZMK,CCL11,0.6161220684532973,0.6161220684532973
GZMK,CXCL13,0.7633928015895146,0.7633928015895146
GZMK,CD79A,0.6938005698386956,0.6938005698386956
GZMK,CXCL9,0.8099790040504737,0.8099790040504737
GZMK,ADAMDEC1,0.6617571567311957,0.6617571567311957
GZMK,UBD,0.6265285868339535,0.6265285868339535
GZMK,PLA2G2D,0.7809975026437358,0.7809975026437358
GZMK,IRF4,0.7763654030996348,0.7763654030996348
GZMK,CCL19,0.7851937860616911,0.7851937860616911
GZMK,HLA-DQA1,0.6229582916188736,0.6229582916188736
GZMK,IL21R,0.830864330217123,0.830864330217123
GZMK,ZNF683,0.7391881224907586,0.7391881224907586
THSD7B,COLEC11,0.6739156522103602,0.6739156522103602
THSD7B,ARX,0.6294722191179094,0.6294722191179094
THSD7B,C3orf72,0.6353074329640267,0.6353074329640267
THSD7B,FOXL2,0.6278848580368362,0.6278848580368362
THSD7B,CADPS,0.6697215455089107,0.6697215455089107
THSD7B,PTPN5,0.6402512701053454,0.6402512701053454
DPT,SFRP2,0.7676472943553763,0.7676472943553763
DPT,EPYC,0.6891112354819185,0.6891112354819185
DPT,MMP13,0.6289999701691936,0.6289999701691936
DPT,LRRC15,0.7703291674894445,0.7703291674894445
DPT,NTM,0.781246294916177,0.781246294916177
DPT,GREM1,0.7196750995839553,0.7196750995839553
DPT,CCL11,0.7123003905926535,0.7123003905926535
DPT,CXCL14,0.624208860945999,0.624208860945999
DPT,COL10A1,0.6898285274426356,0.6898285274426356
DPT,COL6A6,0.6787782539008533,0.6787782539008533
DPT,DIO2,0.6930089485217407,0.6930089485217407
DPT,MEGF10,0.6215462582063132,0.6215462582063132
DPT,OMD,0.7517518145733028,0.7517518145733028
DPT,ASPN,0.7584713051854344,0.7584713051854344
DPT,INHBA,0.7538019131821312,0.7538019131821312
DPT,MEOX2,0.6482025771209671,0.6482025771209671
DPT,GJB2,0.6374022189360028,0.6374022189360028
DPT,SVEP1,0.6942189057685101,0.6942189057685101
DPT,SCG2,0.674135525020083,0.674135525020083
DPT,SLC35D3,0.6220823287810846,0.6220823287810846
DPT,THBS2,0.7923970632434424,0.7923970632434424
ADAM6,IGJ,0.9542541583795375,0.9542541583795375
ADAM6,MGC29506,0.9311039665665395,0.9311039665665395
ADAM6,BMS1P20,0.9281694241047123,0.9281694241047123
ADAM6,CXCL13,0.7138914852440084,0.7138914852440084
ADAM6,CD79A,0.8987535965698765,0.8987535965698765
ADAM6,CXCL9,0.7240422671363015,0.7240422671363015
ADAM6,PLA2G2D,0.7168819337940554,0.7168819337940554
ADAM6,POU2AF1,0.6926930299225547,0.6926930299225547
ADAM6,IRF4,0.9071444023982992,0.9071444023982992
ADAM6,CCL19,0.704409030332233,0.704409030332233
ADAM6,KIAA0125,0.7053408410863032,0.7053408410863032
ADAM6,IL21R,0.7338904980102239,0.7338904980102239
GFRA1,SFRP2,0.6593040630692383,0.6593040630692383
GFRA1,CXCL14,0.6905475352160306,0.6905475352160306
GFRA1,OMD,0.6320350164915935,0.6320350164915935
GFRA1,ASPN,0.6380685457114375,0.6380685457114375
GFRA1,INHBA,0.6414394121888264,0.6414394121888264
GFRA1,SVEP1,0.6160795635861289,0.6160795635861289
GFRA1,THBS2,0.6372638083818487,0.6372638083818487
UBD,CXCL13,0.625981961477228,0.625981961477228
UBD,CXCL9,0.691706796742186,0.691706796742186
UBD,PLA2G2D,0.6426037372137623,0.6426037372137623
UBD,CXCL11,0.621485127612529,0.621485127612529
UBD,IL21R,0.6456490108849396,0.6456490108849396
UBD,ZNF683,0.6443307285674044,0.6443307285674044
KCNIP1,EDN3,0.6085010590213602,0.6085010590213602
HLA-DRB5,HLA-DQA1,0.6583753152812809,0.6583753152812809
OMD,SFRP2,0.7385519247202885,0.7385519247202885
OMD,EPYC,0.6936359182042569,0.6936359182042569
OMD,FABP4,0.6228637208036092,0.6228637208036092
OMD,ADH1B,0.607680088731646,0.607680088731646
OMD,LRRC15,0.7987433382591999,0.7987433382591999
OMD,NTM,0.7228732596687605,0.7228732596687605
OMD,GREM1,0.6444715822367142,0.6444715822367142
OMD,CCL11,0.6451396192393852,0.6451396192393852
OMD,CXCL14,0.6689552416389913,0.6689552416389913
OMD,COL10A1,0.8001164773846574,0.8001164773846574
OMD,DIO2,0.6743796409486842,0.6743796409486842
OMD,MEGF10,0.6380114203721162,0.6380114203721162
OMD,ASPN,0.785343467512882,0.785343467512882
OMD,INHBA,0.7447486095402553,0.7447486095402553
OMD,OGN,0.6547379840638838,0.6547379840638838
OMD,MEOX2,0.6477689506000265,0.6477689506000265
OMD,PTGER3,0.6251908217038857,0.6251908217038857
OMD,GJB2,0.6540760856638171,0.6540760856638171
OMD,SVEP1,0.6641428090808162,0.6641428090808162
OMD,FMO1,0.6737459673114503,0.6737459673114503
OMD,ACTG2,0.6411208358508248,0.6411208358508248
OMD,SCG2,0.6537071295375206,0.6537071295375206
OMD,SLC35D3,0.6310073650380541,0.6310073650380541
OMD,THBS2,0.8039469532163399,0.8039469532163399
FOXL2,DLK1,0.6794505516875389,0.6794505516875389
FOXL2,NR5A1,0.6393560046324147,0.6393560046324147
FOXL2,GATA4,0.790514905115635,0.790514905115635
FOXL2,EDN3,0.6395063056662255,0.6395063056662255
FOXL2,TSPAN8,0.7018906909182295,0.7018906909182295
FOXL2,COLEC11,0.7828112315609789,0.7828112315609789
FOXL2,ARX,0.8457771779736536,0.8457771779736536
FOXL2,STAR,0.8034613333673368,0.8034613333673368
FOXL2,C3orf72,0.9498314313064079,0.9498314313064079
FOXL2,PLCXD3,0.6386562335187331,0.6386562335187331
FOXL2,PEG3,0.7217610177549294,0.7217610177549294
FOXL2,AMHR2,0.6439915104215312,0.6439915104215312
FOXL2,CADPS,0.7442649575661349,0.7442649575661349
FOXL2,FAM150B,0.6147310271908881,0.6147310271908881
FOXL2,CASR,0.6552411048635093,0.6552411048635093
FOXL2,SCUBE1,0.6488674847565356,0.6488674847565356
FOXL2,PTPN5,0.7079800266023557,0.7079800266023557
MGC29506,IGJ,0.928018364726933,0.928018364726933
MGC29506,BMS1P20,0.9288992668293601,0.9288992668293601
MGC29506,CXCL13,0.6981197045422969,0.6981197045422969
MGC29506,CD79A,0.8856111095110681,0.8856111095110681
MGC29506,CXCL9,0.727979586365967,0.727979586365967
MGC29506,PLA2G2D,0.7057076141716565,0.7057076141716565
MGC29506,POU2AF1,0.7386404129451131,0.7386404129451131
MGC29506,IRF4,0.888280311797717,0.888280311797717
MGC29506,CCL19,0.6900347397079275,0.6900347397079275
MGC29506,KIAA0125,0.6539865240703122,0.6539865240703122
MGC29506,IL21R,0.6874936943059771,0.6874936943059771
MMP12,MMP9,0.6071421992461891,0.6071421992461891
SAA2,SAA1,0.9281497974921917,0.9281497974921917
SAA2,LCN2,0.6217828417873787,0.6217828417873787
SCG2,SFRP2,0.6938641540461561,0.6938641540461561
SCG2,EPYC,0.6285640328993526,0.6285640328993526
SCG2,MMP13,0.6731275807298404,0.6731275807298404
SCG2,LRRC15,0.7015504616717964,0.7015504616717964
SCG2,NTM,0.728218417787569,0.728218417787569
SCG2,GREM1,0.6585603498708502,0.6585603498708502
SCG2,CXCL14,0.6080645340503783,0.6080645340503783
SCG2,COL10A1,0.6540948232758141,0.6540948232758141
SCG2,COL6A6,0.6979622066224178,0.6979622066224178
SCG2,DIO2,0.6244645493681876,0.6244645493681876
SCG2,MEGF10,0.6768615852656736,0.6768615852656736
SCG2,SEMA3D,0.6452032191508547,0.6452032191508547
SCG2,ASPN,0.6697259612778409,0.6697259612778409
SCG2,INHBA,0.7448816097956644,0.7448816097956644
SCG2,GJB2,0.6508747874976388,0.6508747874976388
SCG2,SVEP1,0.6889520994677719,0.6889520994677719
SCG2,FMO1,0.6093323936190878,0.6093323936190878
SCG2,SLC35D3,0.6631097413494396,0.6631097413494396
SCG2,THBS2,0.7783979821998023,0.7783979821998023
KIAA0125,IGJ,0.6501891147655279,0.6501891147655279
KIAA0125,BMS1P20,0.6662769988135467,0.6662769988135467
KIAA0125,CD79A,0.6979226871197565,0.6979226871197565
KIAA0125,POU2AF1,0.6604961033018613,0.6604961033018613
KIAA0125,IRF4,0.6655253918245946,0.6655253918245946
PDZK1IP1,LCN2,0.6625398059978445,0.6625398059978445
DIO2,SFRP2,0.7188740847672728,0.7188740847672728
DIO2,EPYC,0.6649054780862906,0.6649054780862906
DIO2,MMP13,0.772372098590606,0.772372098590606
DIO2,LRRC15,0.8036426198703533,0.8036426198703533
DIO2,NTM,0.7734059287722441,0.7734059287722441
DIO2,GREM1,0.7354620183733382,0.7354620183733382
DIO2,CCL11,0.677768548179823,0.677768548179823
DIO2,CXCL14,0.6452296782096786,0.6452296782096786
DIO2,COL10A1,0.7166909484288082,0.7166909484288082
DIO2,COL6A6,0.6794824447418519,0.6794824447418519
DIO2,MEGF10,0.6972884737281209,0.6972884737281209
DIO2,ASPN,0.6876971412545839,0.6876971412545839
DIO2,INHBA,0.7606456785723608,0.7606456785723608
DIO2,GJB2,0.6435403253549343,0.6435403253549343
DIO2,FMO1,0.6699507049804841,0.6699507049804841
DIO2,SLC35D3,0.63056144925933,0.63056144925933
DIO2,THBS2,0.7583020959354057,0.7583020959354057
PLA2G2D,IGJ,0.7134262553689013,0.7134262553689013
PLA2G2D,BMS1P20,0.700163117120023,0.700163117120023
PLA2G2D,CXCL13,0.7816335439311668,0.7816335439311668
PLA2G2D,CD79A,0.6928356859308036,0.6928356859308036
PLA2G2D,CXCL9,0.8242604183944789,0.8242604183944789
PLA2G2D,ADAMDEC1,0.7435796579707346,0.7435796579707346
PLA2G2D,IRF4,0.7835621695049209,0.7835621695049209
PLA2G2D,CCL19,0.739019883107664,0.739019883107664
PLA2G2D,IL21R,0.8216818350920128,0.8216818350920128
PLA2G2D,ZNF683,0.631611685752232,0.631611685752232
POU2AF1,IGJ,0.6712870143001589,0.6712870143001589
POU2AF1,BMS1P20,0.6962241802686696,0.6962241802686696
POU2AF1,CD79A,0.7073904751112078,0.7073904751112078
POU2AF1,IRF4,0.6799011855577533,0.6799011855577533
BARX1,SFRP2,0.637767862680292,0.637767862680292
BARX1,GREM1,0.6062754330810424,0.6062754330810424
FABP4,SFRP2,0.6308977914268811,0.6308977914268811
FABP4,ADH1B,0.7287507611422842,0.7287507611422842
FABP4,ADIPOQ,0.6121729719442307,0.6121729719442307
FABP4,ASPN,0.6369841656428944,0.6369841656428944
FABP4,MEOX2,0.6390465483536479,0.6390465483536479
FABP4,SVEP1,0.6443573130565245,0.6443573130565245
FABP4,ACTG2,0.6185833149362081,0.6185833149362081
FABP4,THBS2,0.6302652733096001,0.6302652733096001
HLA-DQA1,CXCL9,0.6058485094278825,0.6058485094278825
HLA-DQA1,IL21R,0.6419942366048605,0.6419942366048605
HLA-DQA1,ZNF683,0.663067111623163,0.663067111623163
CADPS,GATA4,0.7056867602040191,0.7056867602040191
CADPS,EDN3,0.6696239058301885,0.6696239058301885
CADPS,TSPAN8,0.6552972836173817,0.6552972836173817
CADPS,COLEC11,0.7340465939245632,0.7340465939245632
CADPS,ARX,0.7331316475640107,0.7331316475640107
CADPS,STAR,0.7311982495385768,0.7311982495385768
CADPS,C3orf72,0.7493376166370025,0.7493376166370025
CADPS,PEG3,0.6646976195890916,0.6646976195890916
CADPS,FAM150B,0.6010217370288895,0.6010217370288895
CADPS,PTPN5,0.6523667363968898,0.6523667363968898
NNMT,SAA1,0.6076635344809505,0.6076635344809505
NNMT,FMO2,0.6133180886648567,0.6133180886648567
NNMT,GJB2,0.6263789597662196,0.6263789597662196
NNMT,THBS2,0.6125850287225414,0.6125850287225414
GATA4,DLK1,0.7577920098099422,0.7577920098099422
GATA4,NR5A1,0.633261795505008,0.633261795505008
GATA4,EDN3,0.6884823223230674,0.6884823223230674
GATA4,TSPAN8,0.6883984125368212,0.6883984125368212
GATA4,COLEC11,0.8043272899365848,0.8043272899365848
GATA4,ARX,0.8155599991479858,0.8155599991479858
GATA4,STAR,0.811321807729323,0.811321807729323
GATA4,C3orf72,0.7760492095584776,0.7760492095584776
GATA4,PEG3,0.7366861884585745,0.7366861884585745
GATA4,AMHR2,0.6596274708463057,0.6596274708463057
GATA4,FAM150B,0.618275589784531,0.618275589784531
GATA4,CASR,0.6332192919426392,0.6332192919426392
GATA4,SCUBE1,0.6892517678422257,0.6892517678422257
GATA4,PTPN5,0.6875576314450312,0.6875576314450312
CASR,DLK1,0.6632145437206921,0.6632145437206921
CASR,NR5A1,0.6339892670532438,0.6339892670532438
CASR,EDN3,0.6251827973580575,0.6251827973580575
CASR,TSPAN8,0.6626936984143984,0.6626936984143984
CASR,COLEC11,0.7044880255751034,0.7044880255751034
CASR,ARX,0.714455937817479,0.714455937817479
CASR,STAR,0.700700085093086,0.700700085093086
CASR,C3orf72,0.6546485561732555,0.6546485561732555
CASR,PEG3,0.6820261874192427,0.6820261874192427
CASR,AMHR2,0.6429633579529827,0.6429633579529827
CASR,PTPN5,0.6901565217765455,0.6901565217765455
CD207,CD1A,0.6561835059632345,0.6561835059632345
LRRC15,SFRP2,0.8056480627562529,0.8056480627562529
LRRC15,EPYC,0.7885574550082031,0.7885574550082031
LRRC15,MMP13,0.7617433992124041,0.7617433992124041
LRRC15,COMP,0.6123003725604871,0.6123003725604871
LRRC15,NTM,0.8895766173897818,0.8895766173897818
LRRC15,GREM1,0.7638364669811216,0.7638364669811216
LRRC15,CCL11,0.7572961147793952,0.7572961147793952
LRRC15,CXCL14,0.6817893532150358,0.6817893532150358
LRRC15,COL10A1,0.8695883287592084,0.8695883287592084
LRRC15,COL6A6,0.7056394913242641,0.7056394913242641
LRRC15,MEGF10,0.734914375743294,0.734914375743294
LRRC15,ASPN,0.7611172395770658,0.7611172395770658
LRRC15,INHBA,0.8689705441171569,0.8689705441171569
LRRC15,PTGER3,0.6197211080123113,0.6197211080123113
LRRC15,GJB2,0.7475447504972278,0.7475447504972278
LRRC15,SVEP1,0.6737261525128057,0.6737261525128057
LRRC15,FMO1,0.6357706903155286,0.6357706903155286
LRRC15,SULF1,0.6634864831831465,0.6634864831831465
LRRC15,ACTG2,0.6216575739730441,0.6216575739730441
LRRC15,SLC35D3,0.712969935413724,0.712969935413724
LRRC15,THBS2,0.8922281358681763,0.8922281358681763
COLEC11,DLK1,0.7736509656562461,0.7736509656562461
COLEC11,NR5A1,0.6813415354465762,0.6813415354465762
COLEC11,EDN3,0.7496172155184384,0.7496172155184384
COLEC11,TSPAN8,0.7673620624581228,0.7673620624581228
COLEC11,NTM,-0.6169564494104849,0.6169564494104849
COLEC11,ARX,0.8294615417153315,0.8294615417153315
COLEC11,STAR,0.8381364237380415,0.8381364237380415
COLEC11,C3orf72,0.7714982844487941,0.7714982844487941
COLEC11,PLCXD3,0.6039777941906628,0.6039777941906628
COLEC11,PEG3,0.764632940366004,0.764632940366004
COLEC11,AMHR2,0.6969421398943928,0.6969421398943928
COLEC11,FAM150B,0.6209376052843363,0.6209376052843363
COLEC11,DHRS2,0.6195436276570949,0.6195436276570949
COLEC11,SCUBE1,0.6276497019975764,0.6276497019975764
COLEC11,PTPN5,0.7497280531927555,0.7497280531927555
COL10A1,SFRP2,0.7421042456027289,0.7421042456027289
COL10A1,EPYC,0.7756094439213923,0.7756094439213923
COL10A1,MMP13,0.6316220176926522,0.6316220176926522
COL10A1,COMP,0.6837119120349026,0.6837119120349026
COL10A1,NTM,0.8467988694149844,0.8467988694149844
COL10A1,GREM1,0.686992903806206,0.686992903806206
COL10A1,CCL11,0.7819861369276718,0.7819861369276718
COL10A1,CXCL14,0.679951555017278,0.679951555017278
COL10A1,MEGF10,0.639020480703424,0.639020480703424
COL10A1,ASPN,0.6794998519983568,0.6794998519983568
COL10A1,INHBA,0.845148946099401,0.845148946099401
COL10A1,PTGER3,0.6263469594106601,0.6263469594106601
COL10A1,GJB2,0.6834871498572206,0.6834871498572206
COL10A1,SVEP1,0.6209602328914766,0.6209602328914766
COL10A1,FMO1,0.6710035301507314,0.6710035301507314
COL10A1,SULF1,0.6665038500427782,0.6665038500427782
COL10A1,ACTG2,0.6074218602428916,0.6074218602428916
COL10A1,SLC35D3,0.6861211458787644,0.6861211458787644
COL10A1,THBS2,0.87117812420138,0.87117812420138
NR5A1,DLK1,0.658938597094679,0.658938597094679
NR5A1,TSPAN8,0.6094193079782829,0.6094193079782829
NR5A1,ARX,0.738239662562743,0.738239662562743
NR5A1,STAR,0.7680044430179794,0.7680044430179794
NR5A1,C3orf72,0.6642597001406598,0.6642597001406598
NR5A1,PEG3,0.6444093644251412,0.6444093644251412
NR5A1,AMHR2,0.7218859094553435,0.7218859094553435
NR5A1,SCUBE1,0.6125787667242054,0.6125787667242054
NR5A1,PTPN5,0.619969515316228,0.619969515316228
CCL11,SFRP2,0.6698061471152275,0.6698061471152275
CCL11,EPYC,0.718212467501233,0.718212467501233
CCL11,MMP13,0.6288200659893385,0.6288200659893385
CCL11,NTM,0.7743226651544555,0.7743226651544555
CCL11,GREM1,0.6661766514274137,0.6661766514274137
CCL11,COL6A6,0.6122569401793724,0.6122569401793724
CCL11,ASPN,0.6270135287945816,0.6270135287945816
CCL11,INHBA,0.784315954649339,0.784315954649339
CCL11,PTGER3,0.6060435570131371,0.6060435570131371
CCL11,GJB2,0.6918736240147012,0.6918736240147012
CCL11,FMO1,0.6346223470569656,0.6346223470569656
CCL11,IL21R,0.6516718774824808,0.6516718774824808
CCL11,SULF1,0.6748545300490404,0.6748545300490404
CCL11,SLC35D3,0.6190359995882068,0.6190359995882068
CCL11,THBS2,0.8081486874489732,0.8081486874489732
AMHR2,DLK1,0.689892029072436,0.689892029072436
AMHR2,EDN3,0.6208595650325218,0.6208595650325218
AMHR2,TSPAN8,0.6598574055003205,0.6598574055003205
AMHR2,ARX,0.7268635582914015,0.7268635582914015
AMHR2,STAR,0.7474579802486616,0.7474579802486616
AMHR2,C3orf72,0.6506367914517545,0.6506367914517545
AMHR2,PEG3,0.7269291075245718,0.7269291075245718
AMHR2,SCUBE1,0.6780685557639364,0.6780685557639364
AMHR2,PTPN5,0.6546072889350387,0.6546072889350387
COL6A6,SFRP2,0.7263187796956007,0.7263187796956007
COL6A6,EPYC,0.6183794921744421,0.6183794921744421
COL6A6,MMP13,0.7188854044924249,0.7188854044924249
COL6A6,NTM,0.7443090947306147,0.7443090947306147
COL6A6,GREM1,0.6798914304387988,0.6798914304387988
COL6A6,MEGF10,0.7258197951015446,0.7258197951015446
COL6A6,ASPN,0.6751911104779259,0.6751911104779259
COL6A6,INHBA,0.7303380980281889,0.7303380980281889
COL6A6,GJB2,0.6230285655378545,0.6230285655378545
COL6A6,SVEP1,0.6361439083840351,0.6361439083840351
COL6A6,SULF1,0.6067886171538993,0.6067886171538993
COL6A6,THBS2,0.7473331964560529,0.7473331964560529
HLA-DRB6,HLA-DQA2,0.7310188932305228,0.7310188932305228
C3orf72,DLK1,0.6567936808003075,0.6567936808003075
C3orf72,EDN3,0.6362236181265055,0.6362236181265055
C3orf72,TSPAN8,0.6841337243745944,0.6841337243745944
C3orf72,ARX,0.8405108781715769,0.8405108781715769
C3orf72,STAR,0.8129807732146379,0.8129807732146379
C3orf72,PLCXD3,0.6366752041285507,0.6366752041285507
C3orf72,PEG3,0.7164961779974204,0.7164961779974204
C3orf72,FAM150B,0.6073524690006535,0.6073524690006535
C3orf72,SCUBE1,0.6317702292544669,0.6317702292544669
C3orf72,PTPN5,0.7004023541797143,0.7004023541797143
EPYC,SFRP2,0.7638495358068974,0.7638495358068974
EPYC,MMP13,0.6777403126651397,0.6777403126651397
EPYC,COMP,0.6100703300862866,0.6100703300862866
EPYC,NTM,0.8122112258827436,0.8122112258827436
EPYC,GREM1,0.6965171981814112,0.6965171981814112
EPYC,CXCL14,0.6222737099422957,0.6222737099422957
EPYC,MEGF10,0.6418439152442499,0.6418439152442499
EPYC,ASPN,0.7193666668590412,0.7193666668590412
EPYC,INHBA,0.8164823196872998,0.8164823196872998
EPYC,MEOX2,0.6284577821038434,0.6284577821038434
EPYC,PTGER3,0.6177204264225041,0.6177204264225041
EPYC,GJB2,0.672191369615294,0.672191369615294
EPYC,SVEP1,0.6795680089450931,0.6795680089450931
EPYC,SULF1,0.6436535629239177,0.6436535629239177
EPYC,SLC35D3,0.7356081476817018,0.7356081476817018
EPYC,THBS2,0.8118974778768107,0.8118974778768107
FMO1,NTM,0.6150504497665207,0.6150504497665207
FMO1,INHBA,0.6195700640640561,0.6195700640640561
FMO1,THBS2,0.6870090431014879,0.6870090431014879
DLK1,EDN3,0.6949697467029767,0.6949697467029767
DLK1,TSPAN8,0.6922823152922029,0.6922823152922029
DLK1,ARX,0.7480029601647935,0.7480029601647935
DLK1,STAR,0.7228863210197809,0.7228863210197809
DLK1,PEG3,0.688137220289323,0.688137220289323
DLK1,SCUBE1,0.6723148380944779,0.6723148380944779
DLK1,PTPN5,0.704276720988475,0.704276720988475
CXCR2P1,CXCL9,0.6157646196068846,0.6157646196068846
CXCR2P1,ADAMDEC1,0.6299895021009754,0.6299895021009754
CXCR2P1,CXCL11,0.7683765375170836,0.7683765375170836
CXCR2P1,LOC400696,0.6562659052146544,0.6562659052146544
CXCR2P1,ZNF683,0.6204435735400834,0.6204435735400834
SFRP2,MMP13,0.68860126939522,0.68860126939522
SFRP2,NTM,0.8101942305051604,0.8101942305051604
SFRP2,GREM1,0.7803064369085511,0.7803064369085511
SFRP2,CXCL14,0.7648391648796098,0.7648391648796098
SFRP2,SERPINB7,0.6044611819923436,0.6044611819923436
SFRP2,MEGF10,0.6806480957637661,0.6806480957637661
SFRP2,SEMA3D,0.626547435580155,0.626547435580155
SFRP2,ASPN,0.8011630356618246,0.8011630356618246
SFRP2,INHBA,0.8557463971821909,0.8557463971821909
SFRP2,MEOX2,0.7249472238071374,0.7249472238071374
SFRP2,PTGER3,0.6879160879565328,0.6879160879565328
SFRP2,GJB2,0.7190324336937077,0.7190324336937077
SFRP2,SVEP1,0.7550212780142002,0.7550212780142002
SFRP2,SULF1,0.6663674040822676,0.6663674040822676
SFRP2,ACTG2,0.6027742530472561,0.6027742530472561
SFRP2,SLC35D3,0.7662594335315188,0.7662594335315188
SFRP2,THBS2,0.839037767086301,0.839037767086301
CXCL13,IGJ,0.7192240221191952,0.7192240221191952
CXCL13,BMS1P20,0.7276521682072239,0.7276521682072239
CXCL13,CD79A,0.6921874935873878,0.6921874935873878
CXCL13,CXCL9,0.8410212443845168,0.8410212443845168
CXCL13,ADAMDEC1,0.7340854948654951,0.7340854948654951
CXCL13,IRF4,0.755502290442952,0.755502290442952
CXCL13,CCL19,0.7122596525056174,0.7122596525056174
CXCL13,CXCL11,0.6604598924286985,0.6604598924286985
CXCL13,IL21R,0.7866580575284137,0.7866580575284137
CD79A,IGJ,0.8762362227560674,0.8762362227560674
CD79A,BMS1P20,0.8886348118507199,0.8886348118507199
CD79A,CXCL9,0.6787499187491569,0.6787499187491569
CD79A,IRF4,0.8693411277955909,0.8693411277955909
CD79A,CCL19,0.6872210791849419,0.6872210791849419
CD79A,IL21R,0.6748771353095987,0.6748771353095987
CD1E,CD1A,0.859957735570429,0.859957735570429
CD1E,MMP9,0.6063139194839449,0.6063139194839449
CD1E,IL21R,0.6017135675154818,0.6017135675154818
NTM,MMP13,0.742161290418854,0.742161290418854
NTM,GREM1,0.7915575610907453,0.7915575610907453
NTM,STAR,-0.6006160888215861,0.6006160888215861
NTM,CXCL14,0.6902259516003758,0.6902259516003758
NTM,MEGF10,0.728404370882293,0.728404370882293
NTM,ASPN,0.7757377907568269,0.7757377907568269
NTM,INHBA,0.8868334084367243,0.8868334084367243
NTM,MEOX2,0.6089879987285408,0.6089879987285408
NTM,PTGER3,0.6463550535251175,0.6463550535251175
NTM,GJB2,0.7306758387696582,0.7306758387696582
NTM,SVEP1,0.7014572410753089,0.7014572410753089
NTM,SULF1,0.6915986672276471,0.6915986672276471
NTM,SLC35D3,0.7377630604889117,0.7377630604889117
NTM,THBS2,0.8849480078568686,0.8849480078568686
GREM1,MMP13,0.7295420755730933,0.7295420755730933
GREM1,MEGF10,0.6495250247946213,0.6495250247946213
GREM1,ASPN,0.7632483548967474,0.7632483548967474
GREM1,INHBA,0.8048471676615248,0.8048471676615248
GREM1,MEOX2,0.6266003677518713,0.6266003677518713
GREM1,GJB2,0.6787176961510043,0.6787176961510043
GREM1,SVEP1,0.6745938702619239,0.6745938702619239
GREM1,SULF1,0.6205687955249325,0.6205687955249325
GREM1,SLC35D3,0.6878010236472679,0.6878010236472679
GREM1,THBS2,0.7857747229274443,0.7857747229274443
CXCL9,IGJ,0.7305956732852588,0.7305956732852588
CXCL9,BMS1P20,0.7289996555517283,0.7289996555517283
CXCL9,ADAMDEC1,0.7014881060848507,0.7014881060848507
CXCL9,IRF4,0.7856225942091176,0.7856225942091176
CXCL9,CCL19,0.7072995447717789,0.7072995447717789
CXCL9,CXCL11,0.6557601751130568,0.6557601751130568
CXCL9,IL21R,0.8377546673615547,0.8377546673615547
CXCL9,ZNF683,0.7280953299806818,0.7280953299806818
CXCL9,CCL13,0.616035978533872,0.616035978533872
SLC35D3,MMP13,0.6453297948769838,0.6453297948769838
SLC35D3,CXCL14,0.6539980101665135,0.6539980101665135
SLC35D3,MEGF10,0.6360204429423683,0.6360204429423683
SLC35D3,SEMA3D,0.656062284798325,0.656062284798325
SLC35D3,ASPN,0.6663061524268745,0.6663061524268745
SLC35D3,INHBA,0.7516668680995614,0.7516668680995614
SLC35D3,MEOX2,0.6518501301449966,0.6518501301449966
SLC35D3,GJB2,0.6657277786900576,0.6657277786900576
SLC35D3,SVEP1,0.6915254371356853,0.6915254371356853
SLC35D3,THBS2,0.768346120101323,0.768346120101323
SEMA3D,INHBA,0.6324710635356114,0.6324710635356114
SEMA3D,SVEP1,0.7015121295931281,0.7015121295931281
SEMA3D,THBS2,0.6476968051835743,0.6476968051835743
PEG3,EDN3,0.7049460821057505,0.7049460821057505
PEG3,TSPAN8,0.6233646933861974,0.6233646933861974
PEG3,ARX,0.772980367505799,0.772980367505799
PEG3,STAR,0.7371468571873021,0.7371468571873021
PEG3,PLCXD3,0.6292906124900662,0.6292906124900662
PEG3,SCUBE1,0.6093872362757662,0.6093872362757662
PEG3,PTPN5,0.7179490221763105,0.7179490221763105
MMP13,MEGF10,0.7602882680485317,0.7602882680485317
MMP13,ASPN,0.6270473656426829,0.6270473656426829
MMP13,INHBA,0.7058542467748737,0.7058542467748737
MMP13,GJB2,0.6232426896807941,0.6232426896807941
MMP13,THBS2,0.7030317880382146,0.7030317880382146
IRF4,IGJ,0.8787554171441312,0.8787554171441312
IRF4,BMS1P20,0.8846921504341382,0.8846921504341382
IRF4,ADAMDEC1,0.6394316822585507,0.6394316822585507
IRF4,CCL19,0.741012808752202,0.741012808752202
IRF4,IL21R,0.8261073050863974,0.8261073050863974
IRF4,ZNF683,0.6124798121110728,0.6124798121110728
ACTG2,ASPN,0.6983774034722868,0.6983774034722868
ACTG2,INHBA,0.705941621573573,0.705941621573573
ACTG2,SVEP1,0.6181313125701396,0.6181313125701396
ACTG2,THBS2,0.7412531250347226,0.7412531250347226
SVEP1,CXCL14,0.613664596273292,0.613664596273292
SVEP1,ASPN,0.7281568587015502,0.7281568587015502
SVEP1,INHBA,0.7752197246636073,0.7752197246636073
SVEP1,MEOX2,0.7296501830924328,0.7296501830924328
SVEP1,PTGER3,0.6193811042344914,0.6193811042344914
SVEP1,GJB2,0.6806951188346537,0.6806951188346537
SVEP1,SULF1,0.6417066856298403,0.6417066856298403
SVEP1,THBS2,0.8122108023422483,0.8122108023422483
GNLY,ZNF683,0.7639077998161742,0.7639077998161742
CD1A,MMP9,0.6292741531787193,0.6292741531787193
CCL19,IGJ,0.7033306460990177,0.7033306460990177
CCL19,BMS1P20,0.7156758109230539,0.7156758109230539
CCL19,IL21R,0.7255613316979146,0.7255613316979146
STAR,EDN3,0.6728043229161943,0.6728043229161943
STAR,TSPAN8,0.7431979681676396,0.7431979681676396
STAR,ARX,0.8715952076529457,0.8715952076529457
STAR,PLCXD3,0.6571635186084129,0.6571635186084129
STAR,FAM150B,0.6168957664298501,0.6168957664298501
STAR,DHRS2,0.6035029051731502,0.6035029051731502
STAR,SCUBE1,0.7077565478668303,0.7077565478668303
STAR,PTPN5,0.7185494657294554,0.7185494657294554
ARX,EDN3,0.7088266734419112,0.7088266734419112
ARX,TSPAN8,0.7418560800070177,0.7418560800070177
ARX,PLCXD3,0.6641008347062347,0.6641008347062347
ARX,FAM150B,0.6128671966948749,0.6128671966948749
ARX,DHRS2,0.6330152460117792,0.6330152460117792
ARX,SCUBE1,0.7065067392980036,0.7065067392980036
ARX,PTPN5,0.7868688675317952,0.7868688675317952
ASPN,CXCL14,0.6430278749888412,0.6430278749888412
ASPN,MEGF10,0.6432670628997238,0.6432670628997238
ASPN,INHBA,0.8143422990666473,0.8143422990666473
ASPN,MEOX2,0.7471349866480167,0.7471349866480167
ASPN,PTGER3,0.6144262111473895,0.6144262111473895
ASPN,GJB2,0.6650112401299516,0.6650112401299516
ASPN,SULF1,0.6145857685467194,0.6145857685467194
ASPN,THBS2,0.8186823492183385,0.8186823492183385
LOC400696,IDO1,0.6557796473325795,0.6557796473325795
LOC400696,CXCL11,0.7179184265189059,0.7179184265189059
CXCL11,ADAMDEC1,0.641274965844113,0.641274965844113
CXCL11,IDO1,0.6751577239747109,0.6751577239747109
CXCL11,ZNF683,0.6315180221737379,0.6315180221737379
CXCL14,MEGF10,0.6173336579439698,0.6173336579439698
CXCL14,INHBA,0.6967050745008277,0.6967050745008277
CXCL14,PTGER3,0.6199819997999978,0.6199819997999978
CXCL14,GJB2,0.6448422760252892,0.6448422760252892
CXCL14,THBS2,0.6950330559228436,0.6950330559228436
MMP9,ADAMDEC1,0.6813172063322294,0.6813172063322294
MMP9,IL21R,0.6901087644295993,0.6901087644295993
ZNF683,IDO1,0.6256116791993576,0.6256116791993576
ZNF683,IL21R,0.7620516618119724,0.7620516618119724
PTPRD,MEGF10,0.6230484243016753,0.6230484243016753
PTPN5,EDN3,0.7224363476987604,0.7224363476987604
PTPN5,TSPAN8,0.6436584081065643,0.6436584081065643
PTPN5,SCUBE1,0.6725856720703037,0.6725856720703037
BMS1P20,IGJ,0.9232991477683086,0.9232991477683086
BMS1P20,IL21R,0.6984098977421419,0.6984098977421419
ADAMDEC1,IL21R,0.758271552904413,0.758271552904413
PTGER3,INHBA,0.6583513150146113,0.6583513150146113
PTGER3,GJB2,0.6763959599551106,0.6763959599551106
PTGER3,THBS2,0.6711554572828587,0.6711554572828587
THBS2,COMP,0.6633098848990027,0.6633098848990027
THBS2,MEGF10,0.692278743098625,0.692278743098625
THBS2,INHBA,0.9340268225202503,0.9340268225202503
THBS2,MEOX2,0.6941835336123655,0.6941835336123655
THBS2,GJB2,0.7844118267980755,0.7844118267980755
THBS2,SULF1,0.7400548894987722,0.7400548894987722
MEGF10,INHBA,0.6973381646908587,0.6973381646908587
MEGF10,GJB2,0.6279809547914728,0.6279809547914728
SERPINB7,GJB2,0.6398920040010005,0.6398920040010005
EDN3,TSPAN8,0.6796808034204626,0.6796808034204626
SULF1,INHBA,0.7096061067345193,0.7096061067345193
INHBA,COMP,0.6608940775946898,0.6608940775946898
INHBA,MEOX2,0.6862914259499566,0.6862914259499566
INHBA,GJB2,0.7526350292781031,0.7526350292781031
IGJ,IL21R,0.7064910245766791,0.7064910245766791
